Nombre,Slug,Tipo_actual,Tipo_propuesto,Servicio_1,Servicio_2,Servicio_3
"| Clínica Fisioterapia y suelo pélvico Salamanca | Julia Rodríguez",clinica-fisioterapia-y-suelo-pelvico-sal,yoga,wellness,"Yoga","Pilates","Wellness"
"22Nexus Pilates",22nexus-pilates,yoga,pilates,"Yoga","Pilates","Wellness"
"23.FIT",23-fit,yoga,wellness,"Yoga","Pilates","Wellness"
"3Ventur",3ventur,yoga,wellness,"Yoga","Pilates","Wellness"
"4Health - Personal Training Studio",4health-personal-training-studio,yoga,wellness,"Yoga","Pilates","Wellness"
"88 Sports Leisure Center Towers",88-sports-leisure-center-towers,yoga,wellness,"Yoga","Pilates","Wellness"
"AB Yoga Center By Alícia Beltrán - Centre de Ioga a Barcelona",ab-yoga-center-by-alicia-beltran-centre-,yoga,yoga,"Yoga","Pilates","Wellness"
"Abbyveda Massages ô féminin",abbyveda-massages-o-feminin,meditation,wellness,"Yoga","Pilates","Wellness"
"Acfitness Gym (Noia)",acfitness-gym-noia,yoga,wellness,"Yoga","Pilates","Wellness"
"Acroyoga y Yoga Barcelona",acroyoga-y-yoga-barcelona,yoga,yoga,"Yoga","Pilates","Wellness"
"Activa Pilates Moralzarzal",activa-pilates-moralzarzal,yoga,pilates,"Yoga","Pilates","Wellness"
"Activaclub Almería",activaclub-almeria,yoga,wellness,"Yoga","Pilates","Wellness"
"activaT center",activat-center,yoga,yoga,"Yoga","Pilates","Wellness"
"Activate Sports Club",activate-sports-club,yoga,wellness,"Yoga","Pilates","Wellness"
"ActualFit 24 🏋🏻‍♂️",actualfit-24,yoga,wellness,"Yoga","Pilates","Wellness"
"Afitnity Training Box",afitnity-training-box,yoga,wellness,"Yoga","Pilates","Wellness"
"Agalar",agalar,yoga,wellness,"Yoga","Pilates","Wellness"
"Ágape Yoga Málaga",agape-yoga-malaga,yoga,yoga,"Yoga","Pilates","Wellness"
"Agâra Yoga - Lugo",agara-yoga-lugo,yoga,yoga,"Yoga","Pilates","Wellness"
"Agoyoga Ibiza",agoyoga-ibiza,yoga,yoga,"Yoga","Pilates","Wellness"
"ahimsa YOGA",ahimsa-yoga,yoga,yoga,"Yoga","Pilates","Wellness"
"Ahimsa Yoga y Sonido",ahimsa-yoga-y-sonido,yoga,yoga,"Yoga","Pilates","Wellness"
"Aiyayurveda International Association of yoga and ayurveda",aiyayurveda-international-association-of,meditation,ayurveda,"Ayurveda","Yoga","Pilates"
"Akasha - Casa de Sanación y Ayurveda Savitri OM",akasha-casa-de-sanacion-y-ayurveda-savit,meditation,ayurveda,"Ayurveda","Yoga","Pilates"
"Akasha Yoga Pilates Alcalá",akasha-yoga-pilates-alcala,yoga,yoga,"Yoga","Pilates","Wellness"
"Aktivs Yoga Tenerife",aktivs-yoga-tenerife,yoga,yoga,"Yoga","Pilates","Wellness"
"Alba Flores Saranam-Refugio del Alma",alba-flores-saranam-refugio-del-alma,meditation,wellness,"Yoga","Pilates","Wellness"
"Alea Fisioterapia Deportiva y Suelo Pélvico Guadalajara.",alea-fisioterapia-deportiva-y-suelo-pelv,yoga_meditation,wellness,"Yoga","Pilates","Wellness"
"Alice MASSAGE & YOGA - BAYONNE",alice-massage-yoga-bayonne,meditation,wellness,"Yoga","Pilates","Wellness"
"Almagrit Baños Árabes| Almagro.",almagrit-banos-arabes-almagro,yoga,spa,"Spa","Yoga","Pilates"
"Amantes del Yoga",amantes-del-yoga,meditation,yoga,"Yoga","Pilates","Wellness"
"Ametlla Diving",ametlla-diving,yoga,wellness,"Yoga","Pilates","Wellness"
"Anahata Centro de Yoga y Bienestar y Gong",anahata-centro-de-yoga-y-bienestar-y-gon,meditation,meditation,"Meditación","Yoga","Pilates"
"ANANDA Centre de Soins Ayurvédiques",ananda-centre-de-soins-ayurvediques,meditation,ayurveda,"Ayurveda","Yoga","Pilates"
"Ananda Ioga",ananda-ioga,yoga,yoga,"Yoga","Pilates","Wellness"
"Ananta Ayurveda",ananta-ayurveda,meditation,ayurveda,"Ayurveda","Yoga","Pilates"
"ANDRÉ FARIA",andre-faria,yoga_meditation,wellness,"Yoga","Pilates","Wellness"
"Ángela Valle Centro de Masajes y Técnicas Naturales",angela-valle-centro-de-masajes-y-tecnica,meditation,wellness,"Yoga","Pilates","Wellness"
"Ànima Wellness",anima-wellness,meditation,wellness,"Yoga","Pilates","Wellness"
"ANS CLINIC",ans-clinic,spa,wellness,"Spa","Wellness","Ayurveda"
"Anytime Fitness Parc de l'Aigua",anytime-fitness-parc-de-l-aigua,yoga,wellness,"Yoga","Pilates","Wellness"
"Apasho yoga",apasho-yoga,meditation,yoga,"Yoga","Pilates","Wellness"
"Aquae Centro Multidisciplinar María Bermejo",aquae-centro-multidisciplinar-maria-berm,yoga,wellness,"Yoga","Pilates","Wellness"
"Arco Pilates",arco-pilates,yoga,pilates,"Yoga","Pilates","Wellness"
"Areafit Albacete",areafit-albacete,yoga,wellness,"Yoga","Pilates","Wellness"
"Areafit Arrecife",areafit-arrecife,yoga,wellness,"Yoga","Pilates","Wellness"
"Areafit Écija",areafit-ecija,yoga,wellness,"Yoga","Pilates","Wellness"
"Areafit Morón",areafit-moron,yoga,wellness,"Yoga","Pilates","Wellness"
"Areafit Reus",areafit-reus,yoga,wellness,"Yoga","Pilates","Wellness"
"Arenas Health Club",arenas-health-club,yoga,wellness,"Yoga","Pilates","Wellness"
"Ariznabarra Gizarte Etxea",ariznabarra-gizarte-etxea,yoga,wellness,"Yoga","Pilates","Wellness"
"Arjuna Escuela de Yoga",arjuna-escuela-de-yoga,yoga,yoga,"Yoga","Pilates","Wellness"
"Arrels Centre de teràpies naturals, formació i estètica",arrels-centre-de-terapies-naturals-forma,yoga,wellness,"Yoga","Pilates","Wellness"
"Art of Healing",art-of-healing,meditation,wellness,"Yoga","Pilates","Wellness"
"Art On Yoga + Art On You By Patricia Bonet",art-on-yoga-art-on-you-by-patricia-bonet,yoga,yoga,"Yoga","Pilates","Wellness"
"Aruna Vigo - Reflexologia, Craneosacral y Meditación",aruna-vigo-reflexologia-craneosacral-y-m,meditation,wellness,"Yoga","Pilates","Wellness"
"ASERHCO Rehabilitation and Health",aserhco-rehabilitation-and-health,yoga,wellness,"Yoga","Pilates","Wellness"
"Ashiyana Yoga Retreat Centre",ashiyana-yoga-retreat-centre,meditation,yoga,"Yoga","Pilates","Wellness"
"Ashvattha Quiromasaje",ashvattha-quiromasaje,meditation,wellness,"Yoga","Pilates","Wellness"
"Ateneo Obrero de Villaviciosa",ateneo-obrero-de-villaviciosa,yoga,wellness,"Yoga","Pilates","Wellness"
"Athletic Gym",athletic-gym,yoga,wellness,"Yoga","Pilates","Wellness"
"ATLAS Sports Center",atlas-sports-center,yoga,wellness,"Yoga","Pilates","Wellness"
"AURA Yoga Lleida",aura-yoga-lleida,meditation,yoga,"Yoga","Pilates","Wellness"
"AWA YOGA",awa-yoga,yoga,yoga,"Yoga","Pilates","Wellness"
"Ayurfeel",ayurfeel,meditation,wellness,"Yoga","Pilates","Wellness"
"Ayurvéda - Nour Lucie Joao",ayurveda-nour-lucie-joao,meditation,ayurveda,"Ayurveda","Yoga","Pilates"
"Ayurveda Barcelona",ayurveda-barcelona,meditation,ayurveda,"Ayurveda","Yoga","Pilates"
"Ayurveda Botanic I Guilu Cabalé",ayurveda-botanic-i-guilu-cabale,meditation,ayurveda,"Ayurveda","Yoga","Pilates"
"Ayurveda Experience Connie",ayurveda-experience-connie,meditation,ayurveda,"Ayurveda","Yoga","Pilates"
"Ayurveda Jaén: Centro de Yoga y naturopatía India",ayurveda-jaen-centro-de-yoga-y-naturopat,meditation,ayurveda,"Ayurveda","Yoga","Pilates"
"Ayurveda La Palma",ayurveda-la-palma,yoga,ayurveda,"Ayurveda","Yoga","Pilates"
"Ayurveda Lifestyle By Bharat Negi",ayurveda-lifestyle-by-bharat-negi,meditation,wellness,"Yoga","Pilates","Wellness"
"Ayurveda Medicina Natural Lola Peña",ayurveda-medicina-natural-lola-pena,meditation,ayurveda,"Ayurveda","Yoga","Pilates"
"Ayurveda Rural",ayurveda-rural,meditation,ayurveda,"Ayurveda","Yoga","Pilates"
"Ayurveda Shobha Lad",ayurveda-shobha-lad,meditation,ayurveda,"Ayurveda","Yoga","Pilates"
"Ayurveda Tradicional",ayurveda-tradicional,meditation,ayurveda,"Ayurveda","Yoga","Pilates"
"Ayurveda Yoga Health - Yoga Vidya Torrox Costa",ayurveda-yoga-health-yoga-vidya-torrox-c,meditation,yoga,"Yoga","Pilates","Wellness"
"AZ GYM & JIU JITSU ACADEMY",az-gym-jiu-jitsu-academy,yoga,wellness,"Yoga","Pilates","Wellness"
"Bárbara Martínez Yoga y Terapias Naturales",barbara-martinez-yoga-y-terapias-natural,yoga,yoga,"Yoga","Pilates","Wellness"
"Bárbara Yogaterapia",barbara-yogaterapia,meditation,yoga,"Yoga","Pilates","Wellness"
"Barquillo Yoga",barquillo-yoga,yoga,yoga,"Yoga","Pilates","Wellness"
"Barrefit Bcn Studio Eixample",barrefit-bcn-studio-eixample,yoga,spa,"Spa","Yoga","Pilates"
"Basic-Fit",basic-fit-2,yoga,spa,"Spa","Yoga","Pilates"
"Basic-Fit",basic-fit-1,yoga,wellness,"Yoga","Pilates","Wellness"
"Basic-Fit",basic-fit,yoga,wellness,"Yoga","Pilates","Wellness"
"Basic-Fit Ponferrada Avenida España 17",basic-fit-ponferrada-avenida-espana-17,yoga,spa,"Spa","Yoga","Pilates"
"Baubo Yoga",baubo-yoga,yoga,yoga,"Yoga","Pilates","Wellness"
"BE A RAINBOW",be-a-rainbow,yoga,wellness,"Yoga","Pilates","Wellness"
"Be Art Yoga",be-art-yoga,yoga,yoga,"Yoga","Pilates","Wellness"
"Be24Fit",be24fit,yoga,wellness,"Yoga","Pilates","Wellness"
"Beach Gym",beach-gym,yoga,spa,"Spa","Yoga","Pilates"
"Beatriz Alija - Terapia holística",beatriz-alija-terapia-holistica,spa,wellness,"Spa","Wellness","Masaje"
"Beauty Center París: Peluquería, Estética, Masajes y Pilates",beauty-center-paris-peluqueria-estetica-,yoga,wellness,"Yoga","Pilates","Wellness"
"beKaruna by Paqui Sanchiz | Centro de Yoga y Meditación",bekaruna-by-paqui-sanchiz-centro-de-yoga,yoga,yoga,"Yoga","Pilates","Wellness"
"BeMovement Adeje",bemovement-adeje,yoga,wellness,"Yoga","Pilates","Wellness"
"BEN'S GYM IBIZA",ben-s-gym-ibiza,yoga,wellness,"Yoga","Pilates","Wellness"
"BeOne Fitness & Sport",beone-fitness-sport-1,yoga,spa,"Spa","Yoga","Pilates"
"BeOne Fitness & Sport",beone-fitness-sport,yoga,spa,"Spa","Yoga","Pilates"
"BeOne Ourense",beone-ourense,yoga,spa,"Spa","Yoga","Pilates"
"Bio Terapias Eva Varela",bio-terapias-eva-varela,meditation,wellness,"Yoga","Pilates","Wellness"
"BioBalance - Fisioterapia integrativa y movimiento",biobalance-fisioterapia-integrativa-y-mo,yoga_meditation,wellness,"Yoga","Pilates","Wellness"
"blanc yoga Eixample",blanc-yoga-eixample,yoga,yoga,"Yoga","Pilates","Wellness"
"BLAUMEER YOGA STUDIO by Christine Pohn",blaumeer-yoga-studio-by-christine-pohn,yoga,yoga,"Yoga","Pilates","Wellness"
"Blue Fitness Gyms",blue-fitness-gyms,yoga,wellness,"Yoga","Pilates","Wellness"
"bodhana wellness centre",bodhana-wellness-centre,meditation,wellness,"Yoga","Pilates","Wellness"
"Body Viu",body-viu,yoga,wellness,"Yoga","Pilates","Wellness"
"Bodycam Sports Cambrils",bodycam-sports-cambrils,yoga,wellness,"Yoga","Pilates","Wellness"
"Bodyline Fitness club",bodyline-fitness-club,yoga,wellness,"Yoga","Pilates","Wellness"
"BorealRelax: Centro de Masajes y Wellness Spa",borealrelax-centro-de-masajes-y-wellness,meditation,wellness,"Yoga","Pilates","Wellness"
"Brooklyn Fitboxing Albacete",brooklyn-fitboxing-albacete,yoga,wellness,"Yoga","Pilates","Wellness"
"Brooklyn Fitboxing Burgos",brooklyn-fitboxing-burgos,yoga,spa,"Spa","Yoga","Pilates"
"Brooklyn Fitboxing Ciudad real",brooklyn-fitboxing-ciudad-real,yoga,wellness,"Yoga","Pilates","Wellness"
"Bru Fisioterapia Masajes. Biomecanica del ciclismo",bru-fisioterapia-masajes-biomecanica-del,yoga,wellness,"Yoga","Pilates","Wellness"
"Bullgym Centro Fitness",bullgym-centro-fitness,yoga,wellness,"Yoga","Pilates","Wellness"
"Burbuja Natural",burbuja-natural,meditation,spa,"Spa","Yoga","Pilates"
"C&M Pilates Studio",c-m-pilates-studio,yoga,pilates,"Yoga","Pilates","Wellness"
"CAF - Cross Arts Fitness",caf-cross-arts-fitness,yoga,wellness,"Yoga","Pilates","Wellness"
"Calma Campus Famara Yoga Lanzarote",calma-campus-famara-yoga-lanzarote,yoga,yoga,"Yoga","Pilates","Wellness"
"Cālma Studio - Yoga & Mindfulness",calma-studio-yoga-mindfulness,yoga,yoga,"Yoga","Pilates","Wellness"
"CALMA YOGA Donostia ‍ ‍",calma-yoga-donostia,yoga,yoga,"Yoga","Pilates","Wellness"
"Carole Martinez Massage Ayurvedic &Yoga. Perpignan 66000 Et Alentours",carole-martinez-massage-ayurvedic-yoga-p,meditation,wellness,"Yoga","Pilates","Wellness"
"Casa Cuadrau: Yoga, Art & Nature in the Pyrenees",casa-cuadrau-yoga-art-nature-in-the-pyre,yoga,yoga,"Yoga","Pilates","Wellness"
"Casa del Moviment - Dansa, Ioga, Salut",casa-del-moviment-dansa-ioga-salut,yoga,yoga,"Yoga","Pilates","Wellness"
"Casita de Ayurveda Tenerife",casita-de-ayurveda-tenerife,spa,ayurveda,"Ayurveda","Spa","Wellness"
"CEM La Fanecada",cem-la-fanecada,yoga,spa,"Spa","Yoga","Pilates"
"Center Yoga Shiva & Shakti Pamplona",center-yoga-shiva-shakti-pamplona,yoga,yoga,"Yoga","Pilates","Wellness"
"Centre Béa - Massages et Ayurvéda",centre-bea-massages-et-ayurveda,meditation,wellness,"Yoga","Pilates","Wellness"
"Centre de Bien-être Ayurvédique - Asso. Mains Libres",centre-de-bien-etre-ayurvedique-asso-mai,spa,wellness,"Spa","Wellness","Ayurveda"
"Centre de Ioga Ca s'Oliba",centre-de-ioga-ca-s-oliba,yoga,yoga,"Yoga","Pilates","Wellness"
"Centre Dhamma",centre-dhamma,yoga,wellness,"Yoga","Pilates","Wellness"
"Centre Esportiu d'Ordino",centre-esportiu-d-ordino,yoga,wellness,"Yoga","Pilates","Wellness"
"Centre Esportiu Esquitx",centre-esportiu-esquitx,yoga,wellness,"Yoga","Pilates","Wellness"
"Centre Prasad",centre-prasad,meditation,wellness,"Yoga","Pilates","Wellness"
"Centre Sat Nam",centre-sat-nam,meditation,yoga,"Yoga","Pilates","Wellness"
"Centro | Studio Pilates Calle Ancha | Albacete",centro-studio-pilates-calle-ancha-albace,yoga,pilates,"Yoga","Pilates","Wellness"
"Centro Amoratí",centro-amorati,meditation,spa,"Spa","Yoga","Pilates"
"Centro Axarquía. Fisioterapia y Pilates",centro-axarquia-fisioterapia-y-pilates,yoga_meditation,wellness,"Yoga","Pilates","Wellness"
"Centro Ayurveda Devasahi",centro-ayurveda-devasahi,meditation,ayurveda,"Ayurveda","Yoga","Pilates"
"Centro Bienestar JANAKI YOGA",centro-bienestar-janaki-yoga,yoga,yoga,"Yoga","Pilates","Wellness"
"Centro Calima. Centro de retiros y meditación.",centro-calima-centro-de-retiros-y-medita,yoga,spa,"Spa","Yoga","Pilates"
"Centro Cultural el Pinós",centro-cultural-el-pinos,yoga,wellness,"Yoga","Pilates","Wellness"
"Centro Cultural Manuel Benito Moliner (antiguo Matadero)",centro-cultural-manuel-benito-moliner-an,yoga,wellness,"Yoga","Pilates","Wellness"
"Centro de Ayurveda",centro-de-ayurveda,meditation,ayurveda,"Ayurveda","Yoga","Pilates"
"Centro de Bienestar Paula García",centro-de-bienestar-paula-garcia,yoga,wellness,"Yoga","Pilates","Wellness"
"Centro de fisioterapia en Lugones Pablo Calleja",centro-de-fisioterapia-en-lugones-pablo-,yoga,wellness,"Yoga","Pilates","Wellness"
"Centro de fisioterapia Kwal Physio",centro-de-fisioterapia-kwal-physio,yoga,wellness,"Yoga","Pilates","Wellness"
"Centro de Fitness Q-FITLIFE",centro-de-fitness-q-fitlife,yoga,wellness,"Yoga","Pilates","Wellness"
"Centro de Masajes Karmia",centro-de-masajes-karmia,yoga,wellness,"Yoga","Pilates","Wellness"
"Centro de Naturopatía, Quiromasaje y Osteopatía, Cháman",centro-de-naturopatia-quiromasaje-y-oste,meditation,wellness,"Yoga","Pilates","Wellness"
"Centro de Osteopatia- Yaiza",centro-de-osteopatia-yaiza,meditation,wellness,"Yoga","Pilates","Wellness"
"Centro de Pilates y Yoga Unalome Rooms",centro-de-pilates-y-yoga-unalome-rooms,yoga,yoga,"Yoga","Pilates","Wellness"
"Centro de Retiros de Yoga y Meditación Pirineo · Casa Marterena",centro-de-retiros-de-yoga-y-meditacion-p,yoga,yoga,"Yoga","Pilates","Wellness"
"Centro de Retiros y Formacion Yoga Vida",centro-de-retiros-y-formacion-yoga-vida,yoga,yoga,"Yoga","Pilates","Wellness"
"Centro de Terapia Natural Arq Nature",centro-de-terapia-natural-arq-nature,meditation,wellness,"Yoga","Pilates","Wellness"
"Centro de Yoga Victoria",centro-de-yoga-victoria,yoga,yoga,"Yoga","Pilates","Wellness"
"Centro de Yoga y Ayurveda. Do Ananda Yoga",centro-de-yoga-y-ayurveda-do-ananda-yoga,meditation,yoga,"Yoga","Pilates","Wellness"
"Centro de Yoga, Meditación y Mindfulness en Alcalá de Henares | Eduardo Solarte",centro-de-yoga-meditacion-y-mindfulness-,yoga,meditation,"Meditación","Yoga","Pilates"
"Centro Deportivo American Spin",centro-deportivo-american-spin,yoga,wellness,"Yoga","Pilates","Wellness"
"Centro deportivo INCIPIT Sports solution for humans FITCROSS & HYBRID",centro-deportivo-incipit-sports-solution,yoga,wellness,"Yoga","Pilates","Wellness"
"Centro Deportivo Palas",centro-deportivo-palas,yoga,wellness,"Yoga","Pilates","Wellness"
"Centro Deportivo Q-FITLIFE",centro-deportivo-q-fitlife,yoga,wellness,"Yoga","Pilates","Wellness"
"Centro deportivo Sauter",centro-deportivo-sauter,yoga,wellness,"Yoga","Pilates","Wellness"
"Centro Deportivo Sport is Medicine",centro-deportivo-sport-is-medicine,yoga,wellness,"Yoga","Pilates","Wellness"
"Centro Deportivo Stabia",centro-deportivo-stabia,yoga,wellness,"Yoga","Pilates","Wellness"
"Centro deportivo Supera Río Tajo",centro-deportivo-supera-rio-tajo,yoga,wellness,"Yoga","Pilates","Wellness"
"CENTRO ELLE fisioterapia avanzada",centro-elle-fisioterapia-avanzada,yoga_meditation,wellness,"Yoga","Pilates","Wellness"
"Centro Especializado En Fisioterapia Santa Marta De Tormes",centro-especializado-en-fisioterapia-san,yoga,wellness,"Yoga","Pilates","Wellness"
"Centro Febrero",centro-febrero,yoga,yoga,"Yoga","Pilates","Wellness"
"Centro Hara",centro-hara,meditation,wellness,"Yoga","Pilates","Wellness"
"Centro Kali | Yoga, pilates y terapias naturales en Granada",centro-kali-yoga-pilates-y-terapias-natu,yoga,yoga,"Yoga","Pilates","Wellness"
"Centro Keisho Alcázar Osteopatia, quiromasaje, MTC y terapias naturales.",centro-keisho-alcazar-osteopatia-quiroma,yoga,wellness,"Yoga","Pilates","Wellness"
"Centro Ki * Lau",centro-ki-lau,yoga,wellness,"Yoga","Pilates","Wellness"
"Centro KIRAN",centro-kiran,meditation,spa,"Spa","Yoga","Pilates"
"Centro Martins&Co",centro-martins-co,yoga,wellness,"Yoga","Pilates","Wellness"
"Centro Mushin",centro-mushin,meditation,wellness,"Yoga","Pilates","Wellness"
"Centro Nura Fisioterapia, Osteopatía, Suelo Pélvico, Pilates",centro-nura-fisioterapia-osteopatia-suel,yoga,wellness,"Yoga","Pilates","Wellness"
"Centro Prana Yoga Burgos",centro-prana-yoga-burgos,yoga,yoga,"Yoga","Pilates","Wellness"
"Centro qiromass",centro-qiromass,meditation,wellness,"Yoga","Pilates","Wellness"
"Centro Sevilla Bienestar",centro-sevilla-bienestar,meditation,wellness,"Yoga","Pilates","Wellness"
"Centro Shanti (Masajes y Terapias Alternativas)",centro-shanti-masajes-y-terapias-alterna,meditation,wellness,"Yoga","Pilates","Wellness"
"Centro Soham Yoga Ronda",centro-soham-yoga-ronda,yoga,yoga,"Yoga","Pilates","Wellness"
"Centro Viviendo La Vida Yoga",centro-viviendo-la-vida-yoga,yoga,yoga,"Yoga","Pilates","Wellness"
"Centro Yogasadhana",centro-yogasadhana,meditation,yoga,"Yoga","Pilates","Wellness"
"CENTRO ZAMA DE YOGA IYENGAR® Barcelona",centro-zama-de-yoga-iyengar-barcelona,yoga,yoga,"Yoga","Pilates","Wellness"
"Chandra Ibiza",chandra-ibiza,meditation,yoga,"Yoga","Pilates","Wellness"
"Clan Fitness Tenerife",clan-fitness-tenerife,yoga,wellness,"Yoga","Pilates","Wellness"
"Classical Hatha Yoga y Ayurveda Patanga",classical-hatha-yoga-y-ayurveda-patanga,meditation,yoga,"Yoga","Pilates","Wellness"
"Clínica Andrea Palazzolo · Fisioterapia y Pilates",clinica-andrea-palazzolo-fisioterapia-y-,yoga,wellness,"Yoga","Pilates","Wellness"
"Clínica de Fisioterapia en Albacete - Loli Poveda",clinica-de-fisioterapia-en-albacete-loli,yoga,wellness,"Yoga","Pilates","Wellness"
"Clínica de fisioterapia Fisiocenter Úbeda",clinica-de-fisioterapia-fisiocenter-ubed,yoga,wellness,"Yoga","Pilates","Wellness"
"Clínica de Fisioterapia Fisiofuncional Ciudad Real",clinica-de-fisioterapia-fisiofuncional-c,yoga,wellness,"Yoga","Pilates","Wellness"
"Clínica de Fisioterapia Fran Rodríguez",clinica-de-fisioterapia-fran-rodriguez,yoga_meditation,wellness,"Yoga","Pilates","Wellness"
"Clínica Estética Integral Doshas",clinica-estetica-integral-doshas,meditation,ayurveda,"Ayurveda","Yoga","Pilates"
"Clínica FISAP Fisioterapia Avanzada, Suelo Pélvico y Pilates",clinica-fisap-fisioterapia-avanzada-suel,yoga_meditation,wellness,"Yoga","Pilates","Wellness"
"Clínica Fisiolax. Fisioterapia y Pilates",clinica-fisiolax-fisioterapia-y-pilates,yoga,wellness,"Yoga","Pilates","Wellness"
"Clínica Fisiomar",clinica-fisiomar,yoga,wellness,"Yoga","Pilates","Wellness"
"Clínica Fisioterapia Sandra Gálvez Cabezas | Puente Genil | Fisioterapia Pediátrica y Suelo Pélvico | Nutrición",clinica-fisioterapia-sandra-galvez-cabez,yoga,wellness,"Yoga","Pilates","Wellness"
"Clínica iPhysio Therapy",clinica-iphysio-therapy,yoga,wellness,"Yoga","Pilates","Wellness"
"CLÍNICA LOCUBICHE - fisioterapia, pilates máquinas, acupuntura, osteopatia, dietética, psicología",clinica-locubiche-fisioterapia-pilates-m,yoga,wellness,"Yoga","Pilates","Wellness"
"Clínica Maimú - Fisioterapia Avanzada Ecoguiada y Readaptación",clinica-maimu-fisioterapia-avanzada-ecog,yoga,wellness,"Yoga","Pilates","Wellness"
"Clínica Mar Sánchez",clinica-mar-sanchez,yoga_meditation,wellness,"Yoga","Pilates","Wellness"
"Clínica Osteodinamic",clinica-osteodinamic,yoga_meditation,wellness,"Yoga","Pilates","Wellness"
"Clinica Palma Fisioterapia-Osteopatia-Pilates",clinica-palma-fisioterapia-osteopatia-pi,yoga,wellness,"Yoga","Pilates","Wellness"
"𝐂𝐥𝐢𝐧𝐢𝐜𝐚 𝐒𝐚𝐥𝐮𝐱. 𝐅𝐢𝐬𝐢𝐨𝐭𝐞𝐫𝐚𝐩𝐢𝐚, 𝐎𝐬𝐭𝐞𝐨𝐩𝐚𝐭𝐢𝐚, 𝐒𝐭𝐮𝐝𝐢𝐨 𝐝𝐞 𝐘𝐨𝐠𝐚 𝐲 𝐏𝐢𝐥𝐚𝐭𝐞𝐬 𝐞𝐧 𝐇𝐮𝐞𝐥𝐯𝐚.",,yoga,wellness,"Yoga","Pilates","Wellness"
"CLUB GYM SIERRA | Tu gimnasio en Córdoba",club-gym-sierra-tu-gimnasio-en-cordoba,yoga,spa,"Spa","Yoga","Pilates"
"Club Pilates Azca",club-pilates-azca,yoga,pilates,"Yoga","Pilates","Wellness"
"Club Pilates Conde Orgaz",club-pilates-conde-orgaz,yoga,pilates,"Yoga","Pilates","Wellness"
"Club Pilates Guindalera",club-pilates-guindalera,yoga,pilates,"Yoga","Pilates","Wellness"
"Club Pilates Las Rozas",club-pilates-las-rozas,yoga,pilates,"Yoga","Pilates","Wellness"
"Complejo Deportivo Salas Bajas",complejo-deportivo-salas-bajas,yoga,wellness,"Yoga","Pilates","Wellness"
"Complexo Deportivo Municipal A Fieiteira",complexo-deportivo-municipal-a-fieiteira,yoga,wellness,"Yoga","Pilates","Wellness"
"Corcobado. Movimiento & Pilates",corcobado-movimiento-pilates,yoga,pilates,"Yoga","Pilates","Wellness"
"Corporal ATC & Yoga Studio",corporal-atc-yoga-studio,yoga,yoga,"Yoga","Pilates","Wellness"
"Corporalma Pilates Center | Teatinos, Málaga",corporalma-pilates-center-teatinos-malag,yoga,pilates,"Yoga","Pilates","Wellness"
"CPYOGA L'ELIANA",cpyoga-l-eliana,yoga,yoga,"Yoga","Pilates","Wellness"
"Cross MAE Fitness",cross-mae-fitness,yoga,wellness,"Yoga","Pilates","Wellness"
"CrossFit Puigcerdà",crossfit-puigcerda,yoga,wellness,"Yoga","Pilates","Wellness"
"Cultural Centre",cultural-centre,yoga,wellness,"Yoga","Pilates","Wellness"
"Cumbre Fisioterapia - Fisioterapia y Osteopatía Zaragoza",cumbre-fisioterapia-fisioterapia-y-osteo,yoga,wellness,"Yoga","Pilates","Wellness"
"Cumbria Bienestar",cumbria-bienestar,yoga,wellness,"Yoga","Pilates","Wellness"
"D10",d10,yoga,wellness,"Yoga","Pilates","Wellness"
"Dayananda Yoga",dayananda-yoga,meditation,yoga,"Yoga","Pilates","Wellness"
"de la Mano del Yoga Ayurveda",de-la-mano-del-yoga-ayurveda,meditation,yoga,"Yoga","Pilates","Wellness"
"De Novo Pilates - Princesa",de-novo-pilates-princesa,yoga,pilates,"Yoga","Pilates","Wellness"
"DEIÀ YOGA by Lleo & Siau",deia-yoga-by-lleo-siau,yoga,yoga,"Yoga","Pilates","Wellness"
"Del Norte Estudios Gijon",del-norte-estudios-gijon,yoga,yoga,"Yoga","Pilates","Wellness"
"Deporte Free",deporte-free,yoga,wellness,"Yoga","Pilates","Wellness"
"Dhamma Sacca, centro de meditación Vipassana",dhamma-sacca-centro-de-meditacion-vipass,yoga,meditation,"Meditación","Yoga","Pilates"
"DHARA RETIRO YOGA & AYURVEDA",dhara-retiro-yoga-ayurveda,meditation,yoga,"Yoga","Pilates","Wellness"
"Dhyana Vayus Yoga La Rinconada",dhyana-vayus-yoga-la-rinconada,yoga,yoga,"Yoga","Pilates","Wellness"
"Didgeridoo Ritual",didgeridoo-ritual,meditation,meditation,"Meditación","Yoga","Pilates"
"Distrito Fitness",distrito-fitness,yoga,wellness,"Yoga","Pilates","Wellness"
"Diwali. Yoga, Wellness & Beauty en Marqués de Vadillo, Puerta del Ángel y Arganzuela",diwali-yoga-wellness-beauty-en-marques-d,yoga,yoga,"Yoga","Pilates","Wellness"
"DOM Fitness Concept - Centro de entrenamiento en Zaragoza",dom-fitness-concept-centro-de-entrenamie,yoga,wellness,"Yoga","Pilates","Wellness"
"Dreamfit Gasteiz",dreamfit-gasteiz,yoga,spa,"Spa","Yoga","Pilates"
"Dreamfit Logroño",dreamfit-logrono,yoga,spa,"Spa","Yoga","Pilates"
"Dreams Sport",dreams-sport,yoga,wellness,"Yoga","Pilates","Wellness"
"Dreamsea Surf Camp Spain",dreamsea-surf-camp-spain,yoga,spa,"Spa","Yoga","Pilates"
"Ecobarrio Herbolario",ecobarrio-herbolario,meditation,wellness,"Yoga","Pilates","Wellness"
"Ecoespazo VITRIOL",ecoespazo-vitriol,yoga,spa,"Spa","Yoga","Pilates"
"Ekyoga France - Rituel Massage Abhyanga Ayurvedic Pour Femmes À Cheval - Equicoaching - Coaching Business-",ekyoga-france-rituel-massage-abhyanga-ay,meditation,yoga,"Yoga","Pilates","Wellness"
"el cercano espacio",el-cercano-espacio,yoga,spa,"Spa","Yoga","Pilates"
"El proceso - Espacio de consciencia y movimiento",el-proceso-espacio-de-consciencia-y-movi,yoga,yoga,"Yoga","Pilates","Wellness"
"El Regazo Feliz",el-regazo-feliz,yoga,yoga,"Yoga","Pilates","Wellness"
"El Sendero del Yoga",el-sendero-del-yoga,yoga,yoga,"Yoga","Pilates","Wellness"
"El Templo by Zen Estétic",el-templo-by-zen-estetic,meditation,wellness,"Yoga","Pilates","Wellness"
"Elena Álvarez Alma Ayurveda",elena-alvarez-alma-ayurveda,meditation,ayurveda,"Ayurveda","Yoga","Pilates"
"Elite Pilates",elite-pilates,yoga,pilates,"Yoga","Pilates","Wellness"
"elix pilates",elix-pilates,yoga,pilates,"Yoga","Pilates","Wellness"
"Emmanuelle Maurin",emmanuelle-maurin,meditation,wellness,"Yoga","Pilates","Wellness"
"EMPI SPORTS CENTER",empi-sports-center,yoga,pilates,"Yoga","Pilates","Wellness"
"En Buenas Manos fisioterapia y osteopatia",en-buenas-manos-fisioterapia-y-osteopati,yoga,wellness,"Yoga","Pilates","Wellness"
"Encuentra tu equilibrio by Eva Salmerón | Terapia emocional LNT® I Masajes I Neurodanza",encuentra-tu-equilibrio-by-eva-salmeron-,meditation,wellness,"Yoga","Pilates","Wellness"
"Endorfina Club Bristol",endorfina-club-bristol,yoga,wellness,"Yoga","Pilates","Wellness"
"Energía Zen",energia-zen,yoga,wellness,"Yoga","Pilates","Wellness"
"Energym Zamora Fitness Club S.L.",energym-zamora-fitness-club-s-l,yoga,wellness,"Yoga","Pilates","Wellness"
"Enne Pilates",enne-pilates,yoga,pilates,"Yoga","Pilates","Wellness"
"Entrenaconfei",entrenaconfei,yoga_meditation,wellness,"Yoga","Pilates","Wellness"
"Entrenactiva (pilates y entrenamiento)",entrenactiva-pilates-y-entrenamiento,yoga,pilates,"Yoga","Pilates","Wellness"
"Entrenamiento personal en Valladolid JYM PERFORMANCE CLUB, S.L.",entrenamiento-personal-en-valladolid-jym,yoga,wellness,"Yoga","Pilates","Wellness"
"EQM",eqm,meditation,wellness,"Yoga","Pilates","Wellness"
"Equilibrium Cosment",equilibrium-cosment,yoga,wellness,"Yoga","Pilates","Wellness"
"EQUÓN Fisioterapia & Salud",equon-fisioterapia-salud,yoga,wellness,"Yoga","Pilates","Wellness"
"Escola de Ioga i Salut Integral - Yoga a Sabadell",escola-de-ioga-i-salut-integral-yoga-a-s,yoga,yoga,"Yoga","Pilates","Wellness"
"Escuela de Yoga Ananda",escuela-de-yoga-ananda,meditation,yoga,"Yoga","Pilates","Wellness"
"Escuela de Yoga Integral Mahashakti",escuela-de-yoga-integral-mahashakti,yoga,yoga,"Yoga","Pilates","Wellness"
"Escuela de Yoga Ling Natural YOGA - Centro de Bienestar y Yoga Adaptado",escuela-de-yoga-ling-natural-yoga-centro,yoga,yoga,"Yoga","Pilates","Wellness"
"Escuela de Yoga y Ayurveda. La Voluntad del Alma",escuela-de-yoga-y-ayurveda-la-voluntad-d,meditation,yoga,"Yoga","Pilates","Wellness"
"Escuela Española de Yoga Terapéutico y Ayurveda",escuela-espanola-de-yoga-terapeutico-y-a,meditation,yoga,"Yoga","Pilates","Wellness"
"Escuela Mi retiro de yoga",escuela-mi-retiro-de-yoga,yoga,yoga,"Yoga","Pilates","Wellness"
"Escuela Nidhan - Pamplona",escuela-nidhan-pamplona,yoga,yoga,"Yoga","Pilates","Wellness"
"Escuela Superior de Ayurveda",escuela-superior-de-ayurveda,meditation,ayurveda,"Ayurveda","Yoga","Pilates"
"Espacio Arcadia: Yoga y Pilates Coruña",espacio-arcadia-yoga-y-pilates-coruna,yoga,spa,"Spa","Yoga","Pilates"
"Espacio Core María Plaza",espacio-core-maria-plaza,yoga_meditation,spa,"Spa","Yoga","Pilates"
"Espacio de Movimiento y Bienestar Ainhoa Iturgaiz",espacio-de-movimiento-y-bienestar-ainhoa,yoga,wellness,"Yoga","Pilates","Wellness"
"Espacio Nadia",espacio-nadia,yoga,spa,"Spa","Yoga","Pilates"
"Espacio Para El Yoga",espacio-para-el-yoga,yoga,yoga,"Yoga","Pilates","Wellness"
"Espacio Shantala",espacio-shantala,meditation,spa,"Spa","Yoga","Pilates"
"Espai Món Sà",espai-mon-sa,meditation,spa,"Spa","Yoga","Pilates"
"Espai Sangha, ioga, meditació, massatges i terapia",espai-sangha-ioga-meditacio-massatges-i-,yoga,spa,"Spa","Yoga","Pilates"
"Espai Yoga Barcelona",espai-yoga-barcelona,yoga,yoga,"Yoga","Pilates","Wellness"
"Espasana Natural",espasana-natural,meditation,spa,"Spa","Yoga","Pilates"
"ESPIRITU PILATES",espiritu-pilates,yoga,pilates,"Yoga","Pilates","Wellness"
"Essenta FisioSalud | Clínica de Fisioterapia y Pilates en Santa Cruz de Tenerife",essenta-fisiosalud-clinica-de-fisioterap,yoga,wellness,"Yoga","Pilates","Wellness"
"Estudio Aequus 1: RGM Training más que Pilates en Mallorca",estudio-aequus-1-rgm-training-mas-que-pi,yoga,pilates,"Yoga","Pilates","Wellness"
"Estudio Aequus 2: RGM Training más que Pilates en Mallorca",estudio-aequus-2-rgm-training-mas-que-pi,yoga,pilates,"Yoga","Pilates","Wellness"
"Estudio arete pilates",estudio-arete-pilates,yoga,pilates,"Yoga","Pilates","Wellness"
"Estudio de Pilates e Hipopresivos Mercedes Toledo",estudio-de-pilates-e-hipopresivos-merced,yoga,pilates,"Yoga","Pilates","Wellness"
"Estudio de Yoga con Pilar Valencia",estudio-de-yoga-con-pilar-valencia,yoga,yoga,"Yoga","Pilates","Wellness"
"Estudio Ganesha Sevilla. Clases de Pilates y Yoga. Coaching. Dietética nutrición.",estudio-ganesha-sevilla-clases-de-pilate,yoga,yoga,"Yoga","Pilates","Wellness"
"Estudio Pilates Irache Sádaba",estudio-pilates-irache-sadaba,yoga,pilates,"Yoga","Pilates","Wellness"
"ESTUDIO PILATES MÁLAGA - Auténtico Método Pilates",estudio-pilates-malaga-autentico-metodo-,yoga,pilates,"Yoga","Pilates","Wellness"
"ETP ENCUENTRA TU POTENCIAL Centro Coaching Deportivo (Yoga, Pilates, Calistenia y Acondicionamiento Físico)",etp-encuentra-tu-potencial-centro-coachi,yoga,wellness,"Yoga","Pilates","Wellness"
"Evasiom Spa",evasiom-spa,spa,spa,"Spa","Wellness","Masaje"
"Evolución TIR - Ariel Jaenisch F.",evolucion-tir-ariel-jaenisch-f,yoga,spa,"Spa","Yoga","Pilates"
"Exon Fitness",exon-fitness,yoga,yoga,"Yoga","Pilates","Wellness"
"Fanny Ros Ayurveda",fanny-ros-ayurveda,meditation,yoga,"Yoga","Pilates","Wellness"
"Fidias Center Puerto de Santa María",fidias-center-puerto-de-santa-maria,yoga,wellness,"Yoga","Pilates","Wellness"
"FIGA yoga studio - navakarana Sagrada Familia",figa-yoga-studio-navakarana-sagrada-fami,yoga,yoga,"Yoga","Pilates","Wellness"
"Fisio Ágil - Clínica de Fisioterapia",fisio-agil-clinica-de-fisioterapia,yoga,wellness,"Yoga","Pilates","Wellness"
"Fisio&well",fisio-well,yoga_meditation,wellness,"Yoga","Pilates","Wellness"
"FISIOBAHÍA: Centro de Fisioterapia , Osteopatía y Suelo Pélvico en el Puerto Santa María",fisiobahia-centro-de-fisioterapia-osteop,yoga,wellness,"Yoga","Pilates","Wellness"
"FISIOCERCEDA",fisiocerceda,yoga,wellness,"Yoga","Pilates","Wellness"
"Fisiofine Fisioterapia Guadalajara",fisiofine-fisioterapia-guadalajara,yoga,wellness,"Yoga","Pilates","Wellness"
"FisioJardín Fisioterapia y Movimiento",fisiojardin-fisioterapia-y-movimiento,yoga,wellness,"Yoga","Pilates","Wellness"
"FisioMove",fisiomove,yoga,wellness,"Yoga","Pilates","Wellness"
"FISIOreq",fisioreq,yoga,wellness,"Yoga","Pilates","Wellness"
"FISIOTERAPIA ,ESTUDIO DE PILATES Y ENTRENAMIENTO FUNCIONAL",fisioterapia-estudio-de-pilates-y-entren,yoga,wellness,"Yoga","Pilates","Wellness"
"Fisioterapia Athenea",fisioterapia-athenea,yoga,wellness,"Yoga","Pilates","Wellness"
"Fisioterapia Avanzada y Pilates Terapéutico Salud Activa",fisioterapia-avanzada-y-pilates-terapeut,yoga_meditation,wellness,"Yoga","Pilates","Wellness"
"Fisioterapia Casado Nájera (Fisioterapia en Almería)",fisioterapia-casado-najera-fisioterapia-,yoga,wellness,"Yoga","Pilates","Wellness"
"Fisioterapia Castellón | Centro Lledó",fisioterapia-castellon-centro-lledo,yoga,wellness,"Yoga","Pilates","Wellness"
"FISIOTERAPIA DEL VALLE",fisioterapia-del-valle,yoga_meditation,wellness,"Yoga","Pilates","Wellness"
"Fisioterapia María Vega",fisioterapia-maria-vega,yoga,wellness,"Yoga","Pilates","Wellness"
"Fisioterapia Martínez Blanco",fisioterapia-martinez-blanco,yoga,wellness,"Yoga","Pilates","Wellness"
"Fisioterapia Origen La Loma",fisioterapia-origen-la-loma,yoga,wellness,"Yoga","Pilates","Wellness"
"Fisioterapia Osteopatía Pilates Peñarrubia ✅",fisioterapia-osteopatia-pilates-penarrub,yoga,wellness,"Yoga","Pilates","Wellness"
"Fisioterapia Osteopatía Pilates Peñarrubia San Antón ✅",fisioterapia-osteopatia-pilates-penarrub-1,yoga,wellness,"Yoga","Pilates","Wellness"
"Fisioterapia Osteopatía y Pilates Murcia Infante | DENUEVO Siéntete bien",fisioterapia-osteopatia-y-pilates-murcia,yoga,wellness,"Yoga","Pilates","Wellness"
"Fisioterapia Pilates Santa Cruz FisioProyectos | Centro de Fisioterapia y Pilates en Santa Cruz de Tenerife",fisioterapia-pilates-santa-cruz-fisiopro,yoga,wellness,"Yoga","Pilates","Wellness"
"Fisioterapia y Pilates Aleceya",fisioterapia-y-pilates-aleceya,yoga,wellness,"Yoga","Pilates","Wellness"
"Fisioterapia y pilates CUERPOSANO",fisioterapia-y-pilates-cuerposano,yoga,wellness,"Yoga","Pilates","Wellness"
"FisNatur",fisnatur,yoga,wellness,"Yoga","Pilates","Wellness"
"Fit Pilates Studio Maspalomas",fit-pilates-studio-maspalomas,yoga,pilates,"Yoga","Pilates","Wellness"
"FIT.IT.WOMAN PILATES",fit-it-woman-pilates,yoga,pilates,"Yoga","Pilates","Wellness"
"Fitness 2.0",fitness-2-0,yoga,wellness,"Yoga","Pilates","Wellness"
"Fitness Center Health Club",fitness-center-health-club,yoga,wellness,"Yoga","Pilates","Wellness"
"Fitness Maxo´s Gym Puerto del Rosario",fitness-maxo-s-gym-puerto-del-rosario,yoga,wellness,"Yoga","Pilates","Wellness"
"FITNESS ONE CENTER BENICARLO",fitness-one-center-benicarlo,yoga,wellness,"Yoga","Pilates","Wellness"
"Fitness Park",fitness-park,yoga,wellness,"Yoga","Pilates","Wellness"
"Fitness Park Gran Canaria - Vecindario",fitness-park-gran-canaria-vecindario,yoga,wellness,"Yoga","Pilates","Wellness"
"Fitness Park Lleida Plaza - Noguerola",fitness-park-lleida-plaza-noguerola,yoga,wellness,"Yoga","Pilates","Wellness"
"Fitness Place Sport Center",fitness-place-sport-center,yoga,wellness,"Yoga","Pilates","Wellness"
"Fitness Salud",fitness-salud,yoga,wellness,"Yoga","Pilates","Wellness"
"FitnessLife Guadalajara",fitnesslife-guadalajara,yoga,wellness,"Yoga","Pilates","Wellness"
"Fleur De Lumière",fleur-de-lumiere,meditation,wellness,"Yoga","Pilates","Wellness"
"Flor de Lluna Teràpies",flor-de-lluna-terapies,meditation,wellness,"Yoga","Pilates","Wellness"
"Flow Training Pilates Faro",flow-training-pilates-faro,yoga,pilates,"Yoga","Pilates","Wellness"
"Flow with Faye… Yoga & Wellbeing",flow-with-faye-yoga-wellbeing,meditation,wellness,"Yoga","Pilates","Wellness"
"Flowsurfproject Fuerteventura",flowsurfproject-fuerteventura,yoga,yoga,"Yoga","Pilates","Wellness"
"Forlife - Ginásio em Viseu",forlife-ginasio-em-viseu,yoga,wellness,"Yoga","Pilates","Wellness"
"Fraile Gym Tomelloso",fraile-gym-tomelloso,yoga,wellness,"Yoga","Pilates","Wellness"
"Fran Barahona Ayurveda Spa",fran-barahona-ayurveda-spa,spa,spa,"Spa","Wellness","Ayurveda"
"FT STUDIO - Pilates & Personal Training",ft-studio-pilates-personal-training,yoga,wellness,"Yoga","Pilates","Wellness"
"Full Vitality Spa - Home Massage Service Marbella",full-vitality-spa-home-massage-service-m,spa,wellness,"Spa","Wellness","Yoga"
"FULL VITALITY SPA SIERRA NEVADA",full-vitality-spa-sierra-nevada,meditation,spa,"Spa","Yoga","Pilates"
"Ganesha Experience",ganesha-experience,yoga,yoga,"Yoga","Pilates","Wellness"
"Gemburu Wellness",gemburu-wellness,spa,wellness,"Spa","Wellness","Yoga"
"GIMNAS CAMPILLO SPORT - CLUB ESPORTIU MOLLERUSSA",gimnas-campillo-sport-club-esportiu-moll,yoga,wellness,"Yoga","Pilates","Wellness"
"Gimnasio AltaFit Albacete Mariana Pineda",gimnasio-altafit-albacete-mariana-pineda,yoga,wellness,"Yoga","Pilates","Wellness"
"Gimnasio Arnold Fit Gym Los Cristianos",gimnasio-arnold-fit-gym-los-cristianos,yoga,wellness,"Yoga","Pilates","Wellness"
"Gimnasio Ballester",gimnasio-ballester,yoga,wellness,"Yoga","Pilates","Wellness"
"Gimnasio Body Fitness",gimnasio-body-fitness,yoga,wellness,"Yoga","Pilates","Wellness"
"Gimnasio Esfera La Roda",gimnasio-esfera-la-roda,yoga,spa,"Spa","Yoga","Pilates"
"Gimnasio Forma Salamanca",gimnasio-forma-salamanca,yoga,wellness,"Yoga","Pilates","Wellness"
"Gimnasio Free Time",gimnasio-free-time,yoga,wellness,"Yoga","Pilates","Wellness"
"Gimnasio Infinit Fitness Magic World - Abierto 24 horas",gimnasio-infinit-fitness-magic-world-abi,yoga,wellness,"Yoga","Pilates","Wellness"
"Gimnasio Kata",gimnasio-kata,yoga,wellness,"Yoga","Pilates","Wellness"
"Gimnasio Kronos",gimnasio-kronos,yoga,wellness,"Yoga","Pilates","Wellness"
"Gimnasio Limite",gimnasio-limite,yoga,wellness,"Yoga","Pilates","Wellness"
"Gimnasio Liza Fitness Gran Vía",gimnasio-liza-fitness-gran-via,yoga,wellness,"Yoga","Pilates","Wellness"
"Gimnasio Lugo",gimnasio-lugo,yoga,wellness,"Yoga","Pilates","Wellness"
"Gimnasio Miguelturra",gimnasio-miguelturra,yoga,wellness,"Yoga","Pilates","Wellness"
"GIMNASIO OLIMPIA SQUASH",gimnasio-olimpia-squash,yoga,wellness,"Yoga","Pilates","Wellness"
"GIMNASIO PEDREGAL COLLOTO",gimnasio-pedregal-colloto,yoga,yoga,"Yoga","Pilates","Wellness"
"Gimnasio Sparta Sport Center Cuenca - Calle Jose Cobo",gimnasio-sparta-sport-center-cuenca-call,yoga,spa,"Spa","Yoga","Pilates"
"Gimnasio Sparta Sport Center Cuenca - Centro Comercial El Mirador",gimnasio-sparta-sport-center-cuenca-cent,yoga,spa,"Spa","Yoga","Pilates"
"Gimnasio Sparta Sport Center Jaca",gimnasio-sparta-sport-center-jaca,yoga,spa,"Spa","Yoga","Pilates"
"Gimnasio Sparta Sport Center Logroño",gimnasio-sparta-sport-center-logrono,yoga,spa,"Spa","Yoga","Pilates"
"Gimnasio Sparta Sport Center Palencia - Calle José Zorrilla",gimnasio-sparta-sport-center-palencia-ca,yoga,spa,"Spa","Yoga","Pilates"
"Gimnasio Sparta Sport Center Palencia - Calle Mayor",gimnasio-sparta-sport-center-palencia-ca-1,yoga,spa,"Spa","Yoga","Pilates"
"Gimnasio Sparta Sport Center Pamplona - Calle Estella",gimnasio-sparta-sport-center-pamplona-ca,yoga,spa,"Spa","Yoga","Pilates"
"Gimnasio Sparta Sport Center Soria",gimnasio-sparta-sport-center-soria,yoga,spa,"Spa","Yoga","Pilates"
"Gimnasio Sport Club Fontana",gimnasio-sport-club-fontana,yoga,wellness,"Yoga","Pilates","Wellness"
"Gimnasio Sportia Cordón 5",gimnasio-sportia-cordon-5,yoga,wellness,"Yoga","Pilates","Wellness"
"GIMNASIO TEMPLARIUM PONFERRADA",gimnasio-templarium-ponferrada,yoga,spa,"Spa","Yoga","Pilates"
"Gimnasio VivaGym Estadio",gimnasio-vivagym-estadio,yoga,wellness,"Yoga","Pilates","Wellness"
"Gimnasio VivaGym Gran Capitán",gimnasio-vivagym-gran-capitan,yoga,wellness,"Yoga","Pilates","Wellness"
"Gimnasio VivaGym Parque Abelardo",gimnasio-vivagym-parque-abelardo,yoga,wellness,"Yoga","Pilates","Wellness"
"Gimnasio VivaGym San Roque",gimnasio-vivagym-san-roque,yoga,wellness,"Yoga","Pilates","Wellness"
"Gimnasio VivaGym Torrelavega",gimnasio-vivagym-torrelavega,yoga,wellness,"Yoga","Pilates","Wellness"
"Gimnasio Xtreme 2",gimnasio-xtreme-2,yoga,wellness,"Yoga","Pilates","Wellness"
"Ginásio 100% Health Club",ginasio-100-health-club,yoga,wellness,"Yoga","Pilates","Wellness"
"GO GYM&FIT",go-gym-fit,yoga,wellness,"Yoga","Pilates","Wellness"
"Gobinde Yoga",gobinde-yoga,meditation,yoga,"Yoga","Pilates","Wellness"
"GONAN YOGA",gonan-yoga,yoga,yoga,"Yoga","Pilates","Wellness"
"Gózate Yoga y Bienestar",gozate-yoga-y-bienestar,meditation,yoga,"Yoga","Pilates","Wellness"
"GranaYoga | Bienestar Integral",granayoga-bienestar-integral,yoga,yoga,"Yoga","Pilates","Wellness"
"Grow Yoga Barcelona",grow-yoga-barcelona,yoga,yoga,"Yoga","Pilates","Wellness"
"Guruveda Yoga",guruveda-yoga,meditation,yoga,"Yoga","Pilates","Wellness"
"Gym and Sports Center Lanefit",gym-and-sports-center-lanefit,yoga,wellness,"Yoga","Pilates","Wellness"
"Gym Elite Puertollano",gym-elite-puertollano,yoga,wellness,"Yoga","Pilates","Wellness"
"GYM FITNESS CENTER TOLEDO",gym-fitness-center-toledo,yoga,wellness,"Yoga","Pilates","Wellness"
"Gym Garage Gym Club ( Playa Blanca - Lanzarote)",gym-garage-gym-club-playa-blanca-lanzaro,yoga,wellness,"Yoga","Pilates","Wellness"
"Gym Tres Cruces",gym-tres-cruces,yoga,wellness,"Yoga","Pilates","Wellness"
"Hacia tu paz interior: Yoga - Sonidos - Retiros",hacia-tu-paz-interior-yoga-sonidos-retir,yoga,yoga,"Yoga","Pilates","Wellness"
"Haridayam, Ioga i Meditació",haridayam-ioga-i-meditacio,yoga,yoga,"Yoga","Pilates","Wellness"
"Hatha Yoga Málaga",hatha-yoga-malaga,yoga,yoga,"Yoga","Pilates","Wellness"
"Health & Pilates",health-pilates,yoga,pilates,"Yoga","Pilates","Wellness"
"Health Forest Worldwide",health-forest-worldwide,meditation,wellness,"Yoga","Pilates","Wellness"
"Herbodietètica Pronaturas",herbodietetica-pronaturas,meditation,wellness,"Yoga","Pilates","Wellness"
"Herbolario Mare Nostrum",herbolario-mare-nostrum,meditation,wellness,"Yoga","Pilates","Wellness"
"Hermes Fisioterapia",hermes-fisioterapia,yoga_meditation,wellness,"Yoga","Pilates","Wellness"
"HOLISTIC CENTER BODY & MIND",holistic-center-body-mind,yoga,wellness,"Yoga","Pilates","Wellness"
"Hotel Spa Río Ucero",hotel-spa-rio-ucero,yoga,spa,"Spa","Yoga","Pilates"
"Ignis Gym",ignis-gym,yoga,wellness,"Yoga","Pilates","Wellness"
"Illa Harmonia",illa-harmonia,meditation,yoga,"Yoga","Pilates","Wellness"
"imaGym Puertollano |Centro",imagym-puertollano-centro,yoga,wellness,"Yoga","Pilates","Wellness"
"imaGym Teruel |Universidad",imagym-teruel-universidad,yoga,yoga,"Yoga","Pilates","Wellness"
"imaGym Torrelavega-Zapatón",imagym-torrelavega-zapaton,yoga,wellness,"Yoga","Pilates","Wellness"
"imohe · Instituto de Salud, Medicina y Oncología Holística",imohe-instituto-de-salud-medicina-y-onco,meditation,wellness,"Yoga","Pilates","Wellness"
"Inacua Aranda de Duero",inacua-aranda-de-duero,yoga,wellness,"Yoga","Pilates","Wellness"
"inbo Pilates y Fisio",inbo-pilates-y-fisio,yoga,pilates,"Yoga","Pilates","Wellness"
"Infinity Fitness Life Montilla",infinity-fitness-life-montilla,yoga,wellness,"Yoga","Pilates","Wellness"
"Inma Tarancón - Fisioterapia y Osteopatía",inma-tarancon-fisioterapia-y-osteopatia,yoga,wellness,"Yoga","Pilates","Wellness"
"Inma Yago Juan - Pilates Aereo en Yecla",inma-yago-juan-pilates-aereo-en-yecla,yoga,pilates,"Yoga","Pilates","Wellness"
"Institut de Salut Holística Rosselló",institut-de-salut-holistica-rossello,meditation,wellness,"Yoga","Pilates","Wellness"
"Instituto Europeo Neoyoga",instituto-europeo-neoyoga,yoga,yoga,"Yoga","Pilates","Wellness"
"InterClub",interclub,yoga,wellness,"Yoga","Pilates","Wellness"
"Invictus Sport Center",invictus-sport-center,yoga,wellness,"Yoga","Pilates","Wellness"
"INVICTUS TraininGym.",invictus-trainingym,yoga,wellness,"Yoga","Pilates","Wellness"
"Iron Gym",iron-gym,yoga,yoga,"Yoga","Pilates","Wellness"
"Isabelle Moulin - Psycho-énergéticienne - Perpignan",isabelle-moulin-psycho-energeticienne-pe,meditation,spa,"Spa","Yoga","Pilates"
"Isaniyama yoga y terapias",isaniyama-yoga-y-terapias,yoga,yoga,"Yoga","Pilates","Wellness"
"Ishvara Yoga y Terapias",ishvara-yoga-y-terapias,meditation,yoga,"Yoga","Pilates","Wellness"
"iTRAINING - ALICANTE PAU 1 - YOGA & BARRE",itraining-alicante-pau-1-yoga-barre,meditation,yoga,"Yoga","Pilates","Wellness"
"Izabel Yogizayurveda",izabel-yogizayurveda,meditation,ayurveda,"Ayurveda","Yoga","Pilates"
"Janeth Solá Ayurveda y Acupuntura",janeth-sola-ayurveda-y-acupuntura,spa,ayurveda,"Spa","Wellness","Ayurveda"
"Jardí de Hara",jardi-de-hara,meditation,wellness,"Yoga","Pilates","Wellness"
"Jayna Thérapeute Ayurvedique",jayna-therapeute-ayurvedique,meditation,wellness,"Yoga","Pilates","Wellness"
"Jorge Garcia Personal Trainer",jorge-garcia-personal-trainer,yoga,wellness,"Yoga","Pilates","Wellness"
"Kalma Fisioterapia Lanzarote",kalma-fisioterapia-lanzarote,yoga,wellness,"Yoga","Pilates","Wellness"
"KANIKA YOGA",kanika-yoga,yoga,yoga,"Yoga","Pilates","Wellness"
"Katia Carini - Masaje | Ayurveda | Reiki",katia-carini-masaje-ayurveda-reiki,meditation,wellness,"Yoga","Pilates","Wellness"
"Kika Mas Centro de Bienestar - Naturopatía y Masajes",kika-mas-centro-de-bienestar-naturopatia,meditation,wellness,"Yoga","Pilates","Wellness"
"Kinetica Integral Health",kinetica-integral-health,yoga,wellness,"Yoga","Pilates","Wellness"
"Kiovanatura",kiovanatura,yoga,wellness,"Yoga","Pilates","Wellness"
"Klinos Fisioterapia- osteopathy Infant Colic",klinos-fisioterapia-osteopathy-infant-co,yoga,wellness,"Yoga","Pilates","Wellness"
"Knowa Pilates Studio Tegueste",knowa-pilates-studio-tegueste,yoga,pilates,"Yoga","Pilates","Wellness"
"KRANTI OLEA. Yoga y Bienestar",kranti-olea-yoga-y-bienestar,yoga,wellness,"Yoga","Pilates","Wellness"
"Kundalini Yoga Studio",kundalini-yoga-studio,yoga,yoga,"Yoga","Pilates","Wellness"
"Kundalini Yoga. Restaurativo. Meditación y Gong.Movimiento Sentido ( Estiramientos y Movilidad )",kundalini-yoga-restaurativo-meditacion-y,meditation,meditation,"Meditación","Yoga","Pilates"
"L*Mental Pilates Studio",l-mental-pilates-studio,yoga,pilates,"Yoga","Pilates","Wellness"
"La Caléndula Pilates Y Yoga",la-calendula-pilates-y-yoga,yoga,yoga,"Yoga","Pilates","Wellness"
"La Carismática",la-carismatica,yoga,wellness,"Yoga","Pilates","Wellness"
"La Kabilia Studios",la-kabilia-studios,yoga,wellness,"Yoga","Pilates","Wellness"
"La Molineta Agua y Salud",la-molineta-agua-y-salud,yoga,wellness,"Yoga","Pilates","Wellness"
"La Palma Parami",la-palma-parami,spa,wellness,"Spa","Wellness","Meditación"
"La Rueda Natural",la-rueda-natural,meditation,wellness,"Yoga","Pilates","Wellness"
"Lamiya Wellness & Social Club",lamiya-wellness-social-club,yoga,wellness,"Yoga","Pilates","Wellness"
"LAOLA",laola,yoga,wellness,"Yoga","Pilates","Wellness"
"Laura Álvarez Nutrición Ayurveda",laura-alvarez-nutricion-ayurveda,meditation,wellness,"Yoga","Pilates","Wellness"
"Lazy Nursing Homes",lazy-nursing-homes,yoga,wellness,"Yoga","Pilates","Wellness"
"Lemon Yoga Sevilla",lemon-yoga-sevilla,yoga,yoga,"Yoga","Pilates","Wellness"
"Les mains de Sarah",les-mains-de-sarah,meditation,wellness,"Yoga","Pilates","Wellness"
"Leticia Pérez Estudio de Danza y Pilates",leticia-perez-estudio-de-danza-y-pilates,yoga_meditation,pilates,"Yoga","Pilates","Wellness"
"Liashi",liashi,yoga,wellness,"Yoga","Pilates","Wellness"
"LIFE & SPORT",life-sport,yoga,wellness,"Yoga","Pilates","Wellness"
"Lighthouse Yoga",lighthouse-yoga,yoga,yoga,"Yoga","Pilates","Wellness"
"Living Yoga Studio",living-yoga-studio,meditation,yoga,"Yoga","Pilates","Wellness"
"Locomotiva",locomotiva,yoga,wellness,"Yoga","Pilates","Wellness"
"Lori Sjollema",lori-sjollema,meditation,yoga,"Yoga","Pilates","Wellness"
"Loto Azul Wellness - Terapias alternativas, gravedad cero, haloterapia, danzaterapia y masajes ayurvédicos en Almería.",loto-azul-wellness-terapias-alternativas,meditation,wellness,"Yoga","Pilates","Wellness"
"Lotus, Centro de Ayurveda Yoga y Crecimiento Personal",lotus-centro-de-ayurveda-yoga-y-crecimie,meditation,yoga,"Yoga","Pilates","Wellness"
"LUIRÉ Studio Pilates LSG",luire-studio-pilates-lsg,yoga,pilates,"Yoga","Pilates","Wellness"
"Luxor Madrid",luxor-madrid,spa,wellness,"Spa","Wellness","Masaje"
"LUZ CHURRUCA",luz-churruca,meditation,meditation,"Meditación","Yoga","Pilates"
"M2 Centro Deportivo",m2-centro-deportivo,yoga,wellness,"Yoga","Pilates","Wellness"
"Mac Fitness Andujar",mac-fitness-andujar,yoga,wellness,"Yoga","Pilates","Wellness"
"Madrid City Yoga",madrid-city-yoga,yoga,yoga,"Yoga","Pilates","Wellness"
"Madrid Yoga shala",madrid-yoga-shala,yoga,yoga,"Yoga","Pilates","Wellness"
"Magdala Sport | Gimnasio y clínica en Cuenca",magdala-sport-gimnasio-y-clinica-en-cuen,yoga_meditation,wellness,"Yoga","Pilates","Wellness"
"Makam Yoga y Ayurveda Zaragoza",makam-yoga-y-ayurveda-zaragoza,meditation,yoga,"Yoga","Pilates","Wellness"
"Mamá Sana",mama-sana,yoga,wellness,"Yoga","Pilates","Wellness"
"Mamba BFC",mamba-bfc,yoga,wellness,"Yoga","Pilates","Wellness"
"Mananda Yoga & Holistic Coaching",mananda-yoga-holistic-coaching,meditation,yoga,"Yoga","Pilates","Wellness"
"Manantia Wellness Center",manantia-wellness-center,yoga,wellness,"Yoga","Pilates","Wellness"
"Mandala de Masca",mandala-de-masca,yoga,yoga,"Yoga","Pilates","Wellness"
"Mandiram Escuela de Yoga Eixample",mandiram-escuela-de-yoga-eixample,yoga,yoga,"Yoga","Pilates","Wellness"
"Mandiram Escuela de Yoga Poblenou",mandiram-escuela-de-yoga-poblenou,yoga,yoga,"Yoga","Pilates","Wellness"
"Mangala Massage Mallorca",mangala-massage-mallorca,spa,wellness,"Spa","Wellness","Ayurveda"
"MAR. Movimiento y Bienestar",mar-movimiento-y-bienestar,meditation,wellness,"Yoga","Pilates","Wellness"
"Marathon Wellness Huelva | Entrenamiento sin Miedo | Salud sin Límites",marathon-wellness-huelva-entrenamiento-s,yoga,wellness,"Yoga","Pilates","Wellness"
"Mare Sports Physiotherapy Center",mare-sports-physiotherapy-center,yoga,wellness,"Yoga","Pilates","Wellness"
"María José Torres MASAJE AYURVEDA en el Semilla Holística",maria-jose-torres-masaje-ayurveda-en-el-,meditation,wellness,"Yoga","Pilates","Wellness"
"María Varas Fisioterapia y Osteopatía",maria-varas-fisioterapia-y-osteopatia,yoga_meditation,wellness,"Yoga","Pilates","Wellness"
"Mariana Simón Quiromasaje & Yoga",mariana-simon-quiromasaje-yoga,yoga,wellness,"Yoga","Pilates","Wellness"
"Mariannick Fouyet",mariannick-fouyet,spa,wellness,"Spa","Wellness","Masaje"
"Mariona Yoga Cadaqués- Clases y Eventos de Yoga en Cadaqués",mariona-yoga-cadaques-clases-y-eventos-d,yoga,yoga,"Yoga","Pilates","Wellness"
"MARMA Centro de terapias holísticas",marma-centro-de-terapias-holisticas,meditation,ayurveda,"Ayurveda","Yoga","Pilates"
"Masaje Mallorca - Terapias Naturales Mallorca - MENTNATURE",masaje-mallorca-terapias-naturales-mallo,meditation,wellness,"Yoga","Pilates","Wellness"
"Masaje y Osteopatía, Kalyaana",masaje-y-osteopatia-kalyaana,meditation,wellness,"Yoga","Pilates","Wellness"
"Masajemocional - Jonkar Gartzia",masajemocional-jonkar-gartzia,meditation,wellness,"Yoga","Pilates","Wellness"
"Masajes Sol i LLuna",masajes-sol-i-lluna,meditation,wellness,"Yoga","Pilates","Wellness"
"Masajes Tantra Sevilla",masajes-tantra-sevilla,meditation,wellness,"Yoga","Pilates","Wellness"
"masajes y terapias",masajes-y-terapias,meditation,wellness,"Yoga","Pilates","Wellness"
"Massage and holistic therapies at Isvara Gran Canaria",massage-and-holistic-therapies-at-isvara,meditation,spa,"Spa","Yoga","Pilates"
"Massage Lanzarote | Lavanda Zen Massage: Equipo de masajistas profesionales en Lanzarote.",massage-lanzarote-lavanda-zen-massage-eq,yoga,wellness,"Yoga","Pilates","Wellness"
"Massage Oliva - in studio or home visits | Masaje en gabinete o a domicilio",massage-oliva-in-studio-or-home-visits-m,meditation,wellness,"Yoga","Pilates","Wellness"
"Massage_ZéPrada",massage-zeprada,yoga_meditation,wellness,"Yoga","Pilates","Wellness"
"Massatges Salou Massagium",massatges-salou-massagium,spa,wellness,"Spa","Wellness","Masaje"
"Matrika Yoga School & Ayurveda (Método Iyengar)",matrika-yoga-school-ayurveda-metodo-iyen,meditation,yoga,"Yoga","Pilates","Wellness"
"Matronas e Nais",matronas-e-nais,yoga_meditation,spa,"Spa","Yoga","Pilates"
"Meissa Bienestar Osteopatía - Alcalá",meissa-bienestar-osteopatia-alcala,yoga,wellness,"Yoga","Pilates","Wellness"
"Menssana Fisioterapia.",menssana-fisioterapia,yoga,wellness,"Yoga","Pilates","Wellness"
"Método Pilates Integral En Mijas, Fuengirola",metodo-pilates-integral-en-mijas-fuengir,yoga,pilates,"Yoga","Pilates","Wellness"
"Metodo Sintoniza - Masajista en Palencia",metodo-sintoniza-masajista-en-palencia,yoga,wellness,"Yoga","Pilates","Wellness"
"MI PILATES MÁLAGA",mi-pilates-malaga,yoga,pilates,"Yoga","Pilates","Wellness"
"Millennium Thai Massage",millennium-thai-massage,meditation,wellness,"Yoga","Pilates","Wellness"
"Mindfulness y Meditación Sevilla (Nacho Luque)",mindfulness-y-meditacion-sevilla-nacho-l,yoga,meditation,"Meditación","Yoga","Pilates"
"Mioactiva - Fisioterapia Albacete",mioactiva-fisioterapia-albacete,yoga,wellness,"Yoga","Pilates","Wellness"
"Miriam Alchemy",miriam-alchemy,spa,wellness,"Spa","Wellness","Masaje"
"Moksha Ayurveda Mallorca",moksha-ayurveda-mallorca,meditation,ayurveda,"Ayurveda","Yoga","Pilates"
"Molt més que Ioga",molt-mes-que-ioga,yoga,wellness,"Yoga","Pilates","Wellness"
"Montserrat Ordóñez. Massatge Ayurvèdic i Teràpia Marma",montserrat-ordonez-massatge-ayurvedic-i-,meditation,wellness,"Yoga","Pilates","Wellness"
"Moon Relax Spa",moon-relax-spa,spa,spa,"Spa","Wellness","Masaje"
"MQ2 Centro Integral de Fisioterapia/Osteopatía y Pilates Terapéutico con Readaptación de lesiones",mq2-centro-integral-de-fisioterapia-oste,yoga,wellness,"Yoga","Pilates","Wellness"
"MR Pilates",mr-pilates,yoga,pilates,"Yoga","Pilates","Wellness"
"Mui Pilates",mui-pilates,yoga,pilates,"Yoga","Pilates","Wellness"
"Mundo Consciente Retiro Espiritual",mundo-consciente-retiro-espiritual,yoga,wellness,"Yoga","Pilates","Wellness"
"Mysore House",mysore-house,yoga,yoga,"Yoga","Pilates","Wellness"
"N1 Arrayanes Fitness Center",n1-arrayanes-fitness-center,yoga,wellness,"Yoga","Pilates","Wellness"
"Naga Hatha Yoga",naga-hatha-yoga,yoga,yoga,"Yoga","Pilates","Wellness"
"NALU: Mind Body Surf - Surf School & Yoga Studio El Cotillo Fuerteventura",nalu-mind-body-surf-surf-school-yoga-stu,yoga,yoga,"Yoga","Pilates","Wellness"
"Namaste Yoga",namaste-yoga,meditation,yoga,"Yoga","Pilates","Wellness"
"Namaste Yoga Bilbao",namaste-yoga-bilbao,yoga,yoga,"Yoga","Pilates","Wellness"
"Naraya Ayurveda",naraya-ayurveda,meditation,ayurveda,"Ayurveda","Yoga","Pilates"
"Naseem Touch",naseem-touch,meditation,wellness,"Yoga","Pilates","Wellness"
"Natalbel | Centro de preparación al parto y ecografía emocional",natalbel-centro-de-preparacion-al-parto-,yoga,wellness,"Yoga","Pilates","Wellness"
"Natalia Paola Holística",natalia-paola-holistica,meditation,wellness,"Yoga","Pilates","Wellness"
"Natural Pilates",natural-pilates,yoga,pilates,"Yoga","Pilates","Wellness"
"Nature Pilates",nature-pilates,yoga,pilates,"Yoga","Pilates","Wellness"
"Naturopathie & Massages_Rébecca Morael",naturopathie-massages-rebecca-morael,spa,wellness,"Spa","Wellness","Ayurveda"
"Nawwara",nawwara,yoga,wellness,"Yoga","Pilates","Wellness"
"New Concept Tarifa",new-concept-tarifa,yoga,wellness,"Yoga","Pilates","Wellness"
"NexsportClub Adeje.",nexsportclub-adeje,yoga,yoga,"Yoga","Pilates","Wellness"
"Nirvana Beach Gym",nirvana-beach-gym,yoga,wellness,"Yoga","Pilates","Wellness"
"Numantium Estudio",numantium-estudio,yoga,wellness,"Yoga","Pilates","Wellness"
"Numen Yoga Estudio",numen-yoga-estudio,yoga,yoga,"Yoga","Pilates","Wellness"
"Nurayani Therapy",nurayani-therapy,meditation,wellness,"Yoga","Pilates","Wellness"
"O Carboeiro Yoga",o-carboeiro-yoga,meditation,yoga,"Yoga","Pilates","Wellness"
"Ocean Fitness Cala Rajada",ocean-fitness-cala-rajada,yoga,wellness,"Yoga","Pilates","Wellness"
"Ocean yoga Studio",ocean-yoga-studio,meditation,yoga,"Yoga","Pilates","Wellness"
"Ocio y Deporte",ocio-y-deporte,yoga,wellness,"Yoga","Pilates","Wellness"
"OKEYMAS Andújar",okeymas-andujar,yoga,wellness,"Yoga","Pilates","Wellness"
"OKEYMAS Fitness Club",okeymas-fitness-club,yoga,wellness,"Yoga","Pilates","Wellness"
"Oltar Wellness Center | Osteopatía y Pilates",oltar-wellness-center-osteopatia-y-pilat,yoga,wellness,"Yoga","Pilates","Wellness"
"Olympic Fitness Zone",olympic-fitness-zone,yoga,wellness,"Yoga","Pilates","Wellness"
"Omya Terapias",omya-terapias,yoga,yoga,"Yoga","Pilates","Wellness"
"One Day Retreat Ibiza",one-day-retreat-ibiza,yoga,wellness,"Yoga","Pilates","Wellness"
"ORIGEN Bienestar Integral | Yoga & Wellness Studio",origen-bienestar-integral-yoga-wellness-,meditation,wellness,"Yoga","Pilates","Wellness"
"ORIGEN WORKOUT",origen-workout,yoga,wellness,"Yoga","Pilates","Wellness"
"Origin Flow - Massatges Roses - Coach nutricional i esportiu",origin-flow-massatges-roses-coach-nutric,meditation,wellness,"Yoga","Pilates","Wellness"
"Oryzae Nutrición & Naturopatía",oryzae-nutricion-naturopatia,meditation,wellness,"Yoga","Pilates","Wellness"
"Oxigeno Sport & Wellness",oxigeno-sport-wellness,yoga,wellness,"Yoga","Pilates","Wellness"
"Pabellón polideportivo de Nigrán",pabellon-polideportivo-de-nigran,yoga,wellness,"Yoga","Pilates","Wellness"
"Padmasana - Terapias Naturales y yoga",padmasana-terapias-naturales-y-yoga,yoga,wellness,"Yoga","Pilates","Wellness"
"Paisible Evasion",paisible-evasion,meditation,wellness,"Yoga","Pilates","Wellness"
"Palasiet Wellness Clinic & Thalasso",palasiet-wellness-clinic-thalasso,meditation,wellness,"Yoga","Pilates","Wellness"
"Palladium Academy",palladium-academy,yoga_meditation,yoga,"Yoga","Pilates","Wellness"
"PaolaVidāsana Yoga & Ayurveda",paolavidasana-yoga-ayurveda,meditation,yoga,"Yoga","Pilates","Wellness"
"Pavelló Poliesportiu de Vinaròs",pavello-poliesportiu-de-vinaros,yoga,wellness,"Yoga","Pilates","Wellness"
"Pazo dos Deportes Paco Paz",pazo-dos-deportes-paco-paz,yoga,wellness,"Yoga","Pilates","Wellness"
"Personal & Pilates",personal-pilates,yoga,pilates,"Yoga","Pilates","Wellness"
"Physio & Pilates EKO",physio-pilates-eko,yoga,pilates,"Yoga","Pilates","Wellness"
"Physiotherapy Center Biosalud S L",physiotherapy-center-biosalud-s-l,yoga,wellness,"Yoga","Pilates","Wellness"
"Physiotherapy Ruth Mancebo",physiotherapy-ruth-mancebo,yoga,wellness,"Yoga","Pilates","Wellness"
"Physiumibz",physiumibz,yoga_meditation,wellness,"Yoga","Pilates","Wellness"
"Pilates & Yoga Pura Vida",pilates-yoga-pura-vida,yoga,pilates,"Yoga","Pilates","Wellness"
"Pilates Águilas Emmaluna",pilates-aguilas-emmaluna,yoga,pilates,"Yoga","Pilates","Wellness"
"PILATES Center Vicky Timón",pilates-center-vicky-timon,yoga,pilates,"Yoga","Pilates","Wellness"
"Pilates Curíe",pilates-curie,yoga,pilates,"Yoga","Pilates","Wellness"
"Pilates enunIMPULSO",pilates-enunimpulso,yoga,pilates,"Yoga","Pilates","Wellness"
"Pilates Experience",pilates-experience,yoga,pilates,"Yoga","Pilates","Wellness"
"Pilates Femenino Bilbao",pilates-femenino-bilbao,yoga,pilates,"Yoga","Pilates","Wellness"
"Pilates Funcional Manuela",pilates-funcional-manuela,yoga,pilates,"Yoga","Pilates","Wellness"
"Pilates Funcional María Jiménez",pilates-funcional-maria-jimenez,yoga,pilates,"Yoga","Pilates","Wellness"
"PILATES GRANADA XTENSALL",pilates-granada-xtensall,yoga,pilates,"Yoga","Pilates","Wellness"
"Pilates Huelva",pilates-huelva,yoga,pilates,"Yoga","Pilates","Wellness"
"Pilates Malaga Center",pilates-malaga-center,yoga,pilates,"Yoga","Pilates","Wellness"
"Pilates Málaga Xtensall Studio",pilates-malaga-xtensall-studio,yoga,pilates,"Yoga","Pilates","Wellness"
"Pilates Nacho Arroyo",pilates-nacho-arroyo,yoga,pilates,"Yoga","Pilates","Wellness"
"PILATES PATERNA Veronika Kovacs",pilates-paterna-veronika-kovacs,yoga,pilates,"Yoga","Pilates","Wellness"
"Pilates Peñarrubia Murcia ✅",pilates-penarrubia-murcia,yoga,pilates,"Yoga","Pilates","Wellness"
"Pilates Plus by Silvia Guidi de Knappe",pilates-plus-by-silvia-guidi-de-knappe,yoga,pilates,"Yoga","Pilates","Wellness"
"Pilates Quinta Avenida Oviedo",pilates-quinta-avenida-oviedo,yoga,pilates,"Yoga","Pilates","Wellness"
"Pilates Reformer Romina Speranza",pilates-reformer-romina-speranza,yoga,pilates,"Yoga","Pilates","Wellness"
"Pilates Soul",pilates-soul,yoga,pilates,"Yoga","Pilates","Wellness"
"Pilates Studio",pilates-studio,yoga,pilates,"Yoga","Pilates","Wellness"
"Pilates TF",pilates-tf,yoga,pilates,"Yoga","Pilates","Wellness"
"PILATES VALDEMORO",pilates-valdemoro,yoga,pilates,"Yoga","Pilates","Wellness"
"Pilates y Funcional Bahia",pilates-y-funcional-bahia,yoga,pilates,"Yoga","Pilates","Wellness"
"Pilates y tú",pilates-y-tu,yoga,pilates,"Yoga","Pilates","Wellness"
"PILATES Y YOGA CUIDATE",pilates-y-yoga-cuidate,yoga,pilates,"Yoga","Pilates","Wellness"
"Pilates y Yoga Living Room S.L",pilates-y-yoga-living-room-s-l,yoga,yoga,"Yoga","Pilates","Wellness"
"Pinar Pilates",pinar-pilates,yoga,pilates,"Yoga","Pilates","Wellness"
"Piscina Municipal",piscina-municipal,yoga,wellness,"Yoga","Pilates","Wellness"
"PlenaForma | Entrenador personal en Córdoba",plenaforma-entrenador-personal-en-cordob,yoga,wellness,"Yoga","Pilates","Wellness"
"Polideportivo de Barbadás",polideportivo-de-barbadas,yoga,wellness,"Yoga","Pilates","Wellness"
"Polideportivo la Granadilla",polideportivo-la-granadilla,yoga,wellness,"Yoga","Pilates","Wellness"
"Polideportivo Municipal La Palma del Condado",polideportivo-municipal-la-palma-del-con,yoga,wellness,"Yoga","Pilates","Wellness"
"Por Amor al Yoga",por-amor-al-yoga,yoga,yoga,"Yoga","Pilates","Wellness"
"Postural Clínica de Fisioterapia y Pilates",postural-clinica-de-fisioterapia-y-pilat,yoga,wellness,"Yoga","Pilates","Wellness"
"PRANA YOGA Y MASAJE",prana-yoga-y-masaje,meditation,wellness,"Yoga","Pilates","Wellness"
"Psiquiko HIIT & Ride",psiquiko-hiit-ride,yoga,wellness,"Yoga","Pilates","Wellness"
"Puerto Cabero",puerto-cabero,yoga,wellness,"Yoga","Pilates","Wellness"
"Pulsaciones Gym Aguilar de Campoo",pulsaciones-gym-aguilar-de-campoo,yoga,wellness,"Yoga","Pilates","Wellness"
"Punt D' Esport",punt-d-esport,yoga,yoga,"Yoga","Pilates","Wellness"
"Pure Yoga Canarias",pure-yoga-canarias,meditation,yoga,"Yoga","Pilates","Wellness"
"Qactiva",qactiva,yoga,wellness,"Yoga","Pilates","Wellness"
"Qi en Movimiento",qi-en-movimiento,yoga,wellness,"Yoga","Pilates","Wellness"
"Qualia Centre Wellness",qualia-centre-wellness,meditation,wellness,"Yoga","Pilates","Wellness"
"QUALIFE LA MANGA | Entrenamiento y Pilates Máquina en La Manga",qualife-la-manga-entrenamiento-y-pilates,yoga,pilates,"Yoga","Pilates","Wellness"
"Quiere T Sport",quiere-t-sport,meditation,wellness,"Yoga","Pilates","Wellness"
"Quirochema | masaje - masajista - thai massage - quiromasajista - relajante - tailandés - centro holístico en malaga",quirochema-masaje-masajista-thai-massage,meditation,wellness,"Yoga","Pilates","Wellness"
"Quiroesencia",quiroesencia,meditation,wellness,"Yoga","Pilates","Wellness"
"Quirokinesis Tenerife | Dr.Joaquín Gnoffo",quirokinesis-tenerife-dr-joaquin-gnoffo,yoga,wellness,"Yoga","Pilates","Wellness"
"Radical Personalized Training",radical-personalized-training,yoga,yoga,"Yoga","Pilates","Wellness"
"Raíz yoga studio",raiz-yoga-studio,yoga,yoga,"Yoga","Pilates","Wellness"
"Raja Yoga Madrid",raja-yoga-madrid,yoga,yoga,"Yoga","Pilates","Wellness"
"RAK SAENG - Escuela y Centro de Masaje Tailandés en Madrid",rak-saeng-escuela-y-centro-de-masaje-tai,meditation,wellness,"Yoga","Pilates","Wellness"
"Rapa Nui Surfcamp & Surfschule Fuerteventura",rapa-nui-surfcamp-surfschule-fuerteventu,yoga,wellness,"Yoga","Pilates","Wellness"
"RASAYANA LONGEVIDAD",rasayana-longevidad,meditation,wellness,"Yoga","Pilates","Wellness"
"RAW YOGA STUDIO Vigo",raw-yoga-studio-vigo,yoga,yoga,"Yoga","Pilates","Wellness"
"ReAlign International YOGA School",realign-international-yoga-school,yoga,yoga,"Yoga","Pilates","Wellness"
"Reka Yoga Centro Integral",reka-yoga-centro-integral,yoga,yoga,"Yoga","Pilates","Wellness"
"relax & nature fuerteventura",relax-nature-fuerteventura,spa,wellness,"Spa","Wellness","Fisioterapia"
"Relaxa't Reus",relaxa-t-reus,meditation,wellness,"Yoga","Pilates","Wellness"
"Renacer pilates reformer",renacer-pilates-reformer,yoga,pilates,"Yoga","Pilates","Wellness"
"Respira yoga sevilla",respira-yoga-sevilla,yoga,yoga,"Yoga","Pilates","Wellness"
"RESPIRA-Breathwork Belén Catalina",respira-breathwork-belen-catalina,yoga,wellness,"Yoga","Pilates","Wellness"
"RETIROS DE BIENESTAR & MINDFULNESS EVOLUCION CENTER",retiros-de-bienestar-mindfulness-evoluci,yoga,wellness,"Yoga","Pilates","Wellness"
"Retiros de yoga Taotrips",retiros-de-yoga-taotrips,yoga,yoga,"Yoga","Pilates","Wellness"
"Retiros del Búho. Asociación el Alma del Búho",retiros-del-buho-asociacion-el-alma-del-,yoga,wellness,"Yoga","Pilates","Wellness"
"Retiros yoga te transforma",retiros-yoga-te-transforma,yoga,yoga,"Yoga","Pilates","Wellness"
"Ro-Ki Massages Valencia",ro-ki-massages-valencia,meditation,wellness,"Yoga","Pilates","Wellness"
"Rocío Luque Yoga",rocio-luque-yoga,yoga,yoga,"Yoga","Pilates","Wellness"
"Royal Lleida",royal-lleida,yoga,wellness,"Yoga","Pilates","Wellness"
"Royal Thai Massage Center",royal-thai-massage-center,meditation,wellness,"Yoga","Pilates","Wellness"
"RST Personal Fitness Elda, Gimnasio · Entrenador personal | Pilates en Elda",rst-personal-fitness-elda-gimnasio-entre,yoga,wellness,"Yoga","Pilates","Wellness"
"Runachay Center",runachay-center,meditation,wellness,"Yoga","Pilates","Wellness"
"RUSFIT SPORTCENTER",rusfit-sportcenter,yoga,wellness,"Yoga","Pilates","Wellness"
"S2Fitness Sports Center",s2fitness-sports-center,yoga,wellness,"Yoga","Pilates","Wellness"
"SADHANA Yoga Shri Vivek & Massatge Ayurveda",sadhana-yoga-shri-vivek-massatge-ayurved,meditation,yoga,"Yoga","Pilates","Wellness"
"Sakura",sakura,yoga,wellness,"Yoga","Pilates","Wellness"
"Sakura Vera",sakura-vera,yoga,wellness,"Yoga","Pilates","Wellness"
"Salud Natural Herbolario",salud-natural-herbolario,meditation,wellness,"Yoga","Pilates","Wellness"
"Salud Natural Leganés S.L.U",salud-natural-leganes-s-l-u,meditation,wellness,"Yoga","Pilates","Wellness"
"Salud Sport Fisioterapia y Entrenador Personal",salud-sport-fisioterapia-y-entrenador-pe,yoga,wellness,"Yoga","Pilates","Wellness"
"Salutalia - Centro Holístico y Welness",salutalia-centro-holistico-y-welness,yoga,wellness,"Yoga","Pilates","Wellness"
"Samaveda; Ayurveda, Masajes, Alimentación, Yoga",samaveda-ayurveda-masajes-alimentacion-y,meditation,wellness,"Yoga","Pilates","Wellness"
"Sandaili Plantas Medicinales-Terapias Naturales",sandaili-plantas-medicinales-terapias-na,meditation,wellness,"Yoga","Pilates","Wellness"
"SANO Adra - Entrenamiento Personal y Grupos Reducidos",sano-adra-entrenamiento-personal-y-grupo,yoga,wellness,"Yoga","Pilates","Wellness"
"SANO Antequera Albarizas - Entrenamiento Personal y Grupos Reducidos",sano-antequera-albarizas-entrenamiento-p,yoga,wellness,"Yoga","Pilates","Wellness"
"SANO Berja - Entrenamiento Personal y Grupos Reducidos",sano-berja-entrenamiento-personal-y-grup,yoga,wellness,"Yoga","Pilates","Wellness"
"SANO Burgos - Entrenamiento Personal y Grupos Reducidos",sano-burgos-entrenamiento-personal-y-gru,yoga,wellness,"Yoga","Pilates","Wellness"
"Sano Úbeda",sano-ubeda,yoga,wellness,"Yoga","Pilates","Wellness"
"Sant Pau Centre Terapèutic",sant-pau-centre-terapeutic,meditation,wellness,"Yoga","Pilates","Wellness"
"Santosha Centro de Yoga",santosha-centro-de-yoga,yoga,yoga,"Yoga","Pilates","Wellness"
"Sanus Mujer",sanus-mujer,yoga_meditation,wellness,"Yoga","Pilates","Wellness"
"SasiThai Thai Massage Madrid",sasithai-thai-massage-madrid,meditation,wellness,"Yoga","Pilates","Wellness"
"School3s Surf School Lanzarote",school3s-surf-school-lanzarote,yoga,yoga,"Yoga","Pilates","Wellness"
"SCV wiva lab",scv-wiva-lab,yoga,wellness,"Yoga","Pilates","Wellness"
"Sergiolistico",sergiolistico,meditation,wellness,"Yoga","Pilates","Wellness"
"Seven Seas",seven-seas,meditation,yoga,"Yoga","Pilates","Wellness"
"Shakti YOGA",shakti-yoga,meditation,yoga,"Yoga","Pilates","Wellness"
"Shama Yoga Studio",shama-yoga-studio,meditation,yoga,"Yoga","Pilates","Wellness"
"SHAMATHA CENTRO HOLÍSTICO",shamatha-centro-holistico,meditation,wellness,"Yoga","Pilates","Wellness"
"Shantala Ayurveda Bilbao",shantala-ayurveda-bilbao,meditation,ayurveda,"Ayurveda","Yoga","Pilates"
"Shanti Masajes Tenerife",shanti-masajes-tenerife,meditation,wellness,"Yoga","Pilates","Wellness"
"SHARMA - Escuela Yoga y Pilates",sharma-escuela-yoga-y-pilates,yoga,pilates,"Yoga","Pilates","Wellness"
"Shiva center Torrox",shiva-center-torrox,meditation,wellness,"Yoga","Pilates","Wellness"
"Shivaratri Yoga",shivaratri-yoga,yoga,yoga,"Yoga","Pilates","Wellness"
"Shock Fitness Center",shock-fitness-center,yoga,spa,"Spa","Yoga","Pilates"
"Siente Ayurveda",siente-ayurveda,meditation,ayurveda,"Ayurveda","Yoga","Pilates"
"Siente Yoga",siente-yoga,yoga,yoga,"Yoga","Pilates","Wellness"
"Silentia Spa & Wellness",silentia-spa-wellness,spa,spa,"Spa","Wellness","Masaje"
"Sincronia Yoga | Gràcia Barcelona",sincronia-yoga-gracia-barcelona,yoga,yoga,"Yoga","Pilates","Wellness"
"SINGULAR Home of Pilates",singular-home-of-pilates,yoga,pilates,"Yoga","Pilates","Wellness"
"Slow House sa mayma | Nature, Relax & Yoga",slow-house-sa-mayma-nature-relax-yoga,yoga,yoga,"Yoga","Pilates","Wellness"
"Soccer Indoor",soccer-indoor,yoga,wellness,"Yoga","Pilates","Wellness"
"Sol Viegas Iyengar Yoga & Massage",sol-viegas-iyengar-yoga-massage,yoga,yoga,"Yoga","Pilates","Wellness"
"Sonia Casado Escuela de Yoga",sonia-casado-escuela-de-yoga,yoga,yoga,"Yoga","Pilates","Wellness"
"Sonia Franco Terapia manual . Quiromasaje, Osteopatía, Masaje ayurveda, Aromaterapia.",sonia-franco-terapia-manual-quiromasaje-,meditation,wellness,"Yoga","Pilates","Wellness"
"Spa Centro de Vinoterapia BeautyFORYOU - Tenerife",spa-centro-de-vinoterapia-beautyforyou-t,spa,spa,"Spa","Wellness","Meditación"
"SPA Sensations Iberostar Heritage Grand Mencey",spa-sensations-iberostar-heritage-grand-,spa,spa,"Spa","Wellness","Ayurveda"
"Spa urbano Serenità",spa-urbano-serenita,meditation,spa,"Spa","Yoga","Pilates"
"Specialty Center Sports Javier Bermejo Merino",specialty-center-sports-javier-bermejo-m,yoga,wellness,"Yoga","Pilates","Wellness"
"Spirit Yoga",spirit-yoga,yoga,yoga,"Yoga","Pilates","Wellness"
"Spiritual Veda Masajes & Tratamientos Ayurveda",spiritual-veda-masajes-tratamientos-ayur,meditation,wellness,"Yoga","Pilates","Wellness"
"Sport Studio Gym",sport-studio-gym,yoga,wellness,"Yoga","Pilates","Wellness"
"Sportland Gimnasio & Balneario Urbano",sportland-gimnasio-balneario-urbano,yoga,wellness,"Yoga","Pilates","Wellness"
"Sports Complex Prado Real",sports-complex-prado-real,yoga,wellness,"Yoga","Pilates","Wellness"
"Star Fit Pilates Ibiza",star-fit-pilates-ibiza,yoga,pilates,"Yoga","Pilates","Wellness"
"STUDIO DE PILATES MIREYA IRURZUN",studio-de-pilates-mireya-irurzun,yoga,pilates,"Yoga","Pilates","Wellness"
"STUDIO PILATES Anabel Manjón",studio-pilates-anabel-manjon,yoga,pilates,"Yoga","Pilates","Wellness"
"Studio Pilates Body&Mind y PEQUESPA",studio-pilates-body-mind-y-pequespa,yoga,pilates,"Yoga","Pilates","Wellness"
"Studio Pilates Majadahonda",studio-pilates-majadahonda,yoga,pilates,"Yoga","Pilates","Wellness"
"Studio Pilates Natalia",studio-pilates-natalia,yoga,pilates,"Yoga","Pilates","Wellness"
"Sukha Masajes",sukha-masajes,meditation,wellness,"Yoga","Pilates","Wellness"
"SUP FIT YOGA – Paddle Surf, SUP Yoga y Retiros de Yoga en Gran Canaria",sup-fit-yoga-paddle-surf-sup-yoga-y-reti,yoga,yoga,"Yoga","Pilates","Wellness"
"Surf & Yoga Retreats Fuerteventura",surf-yoga-retreats-fuerteventura,yoga,yoga,"Yoga","Pilates","Wellness"
"SURYA BIKEPACKING",surya-bikepacking,yoga,yoga,"Yoga","Pilates","Wellness"
"Surya Yoga",surya-yoga,yoga,yoga,"Yoga","Pilates","Wellness"
"Surya Yoga&Masaje Tenerife",surya-yoga-masaje-tenerife,meditation,wellness,"Yoga","Pilates","Wellness"
"SYNERGIE PILATES STUDIO DONOSTIA 🌱",synergie-pilates-studio-donostia,yoga,pilates,"Yoga","Pilates","Wellness"
"Synergym",synergym-3,yoga,wellness,"Yoga","Pilates","Wellness"
"Synergym",synergym-1,yoga,wellness,"Yoga","Pilates","Wellness"
"Synergym",synergym,yoga,wellness,"Yoga","Pilates","Wellness"
"Synergym",synergym-2,yoga,wellness,"Yoga","Pilates","Wellness"
"Synergym Albacete La Tamos",synergym-albacete-la-tamos,yoga,wellness,"Yoga","Pilates","Wellness"
"Synergym Albacete Universidad",synergym-albacete-universidad,yoga,wellness,"Yoga","Pilates","Wellness"
"Synergym Algeciras",synergym-algeciras,yoga,wellness,"Yoga","Pilates","Wellness"
"Synergym Almería Los Molinos",synergym-almeria-los-molinos,yoga,wellness,"Yoga","Pilates","Wellness"
"Synergym Almería Vega de Acá",synergym-almeria-vega-de-aca,yoga,wellness,"Yoga","Pilates","Wellness"
"Synergym Ciudad Real Quijote",synergym-ciudad-real-quijote,yoga,wellness,"Yoga","Pilates","Wellness"
"Synergym Guadalajara La Llanilla",synergym-guadalajara-la-llanilla,yoga,wellness,"Yoga","Pilates","Wellness"
"Synergym Guadalajara Las Cañas",synergym-guadalajara-las-canas,yoga,wellness,"Yoga","Pilates","Wellness"
"Synergym Jaén",synergym-jaen,yoga,wellness,"Yoga","Pilates","Wellness"
"Synergym Lleida Castells",synergym-lleida-castells,yoga,wellness,"Yoga","Pilates","Wellness"
"Synergym Lleida Clot",synergym-lleida-clot,yoga,wellness,"Yoga","Pilates","Wellness"
"Synergym Logroño Las Gaunas",synergym-logrono-las-gaunas,yoga,wellness,"Yoga","Pilates","Wellness"
"Synergym Logroño Ribera",synergym-logrono-ribera,yoga,wellness,"Yoga","Pilates","Wellness"
"Synergym Lugo Piringalla",synergym-lugo-piringalla,yoga,wellness,"Yoga","Pilates","Wellness"
"Synergym Miranda de Ebro",synergym-miranda-de-ebro,yoga,wellness,"Yoga","Pilates","Wellness"
"Synergym Motril Sur",synergym-motril-sur,yoga,wellness,"Yoga","Pilates","Wellness"
"Synergym Oviedo San Miguel",synergym-oviedo-san-miguel,yoga,wellness,"Yoga","Pilates","Wellness"
"Synergym Plasencia",synergym-plasencia,yoga,wellness,"Yoga","Pilates","Wellness"
"Synergym Ponferrada la Rosaleda",synergym-ponferrada-la-rosaleda,yoga,wellness,"Yoga","Pilates","Wellness"
"Synergym Reus Carrillet",synergym-reus-carrillet,yoga,wellness,"Yoga","Pilates","Wellness"
"Synergym San Fernando Centro",synergym-san-fernando-centro,yoga,wellness,"Yoga","Pilates","Wellness"
"Synergym Toledo Buenavista",synergym-toledo-buenavista,yoga,wellness,"Yoga","Pilates","Wellness"
"Synergym Villava",synergym-villava,yoga,wellness,"Yoga","Pilates","Wellness"
"Synergym Vitoria Borinbizkarra",synergym-vitoria-borinbizkarra,yoga,wellness,"Yoga","Pilates","Wellness"
"Synergym Vitoria Zaramaga",synergym-vitoria-zaramaga,yoga,wellness,"Yoga","Pilates","Wellness"
"Synergym Zamora University",synergym-zamora-university,yoga,wellness,"Yoga","Pilates","Wellness"
"Tafallako Igerilekuak",tafallako-igerilekuak,yoga,wellness,"Yoga","Pilates","Wellness"
"TAIBAI Medicina Tradicional China",taibai-medicina-tradicional-china,meditation,wellness,"Yoga","Pilates","Wellness"
"Tam Studio Yoga y Pilates- Fuerteventura",tam-studio-yoga-y-pilates-fuerteventura,yoga,yoga,"Yoga","Pilates","Wellness"
"Tantric Massage - Tantra Tenerife - Masaje tantrico",tantric-massage-tantra-tenerife-masaje-t,meditation,wellness,"Yoga","Pilates","Wellness"
"TAPOVAN AYURVEDA Masajes y Reflexología Podal",tapovan-ayurveda-masajes-y-reflexologia-,meditation,wellness,"Yoga","Pilates","Wellness"
"Tara Harmonia – Centre de benestar",tara-harmonia-centre-de-benestar,spa,wellness,"Spa","Wellness","Masaje"
"Tatami Spirit",tatami-spirit,yoga,yoga,"Yoga","Pilates","Wellness"
"Taube pilates Biar",taube-pilates-biar,yoga,pilates,"Yoga","Pilates","Wellness"
"Templo Gym",templo-gym,yoga,wellness,"Yoga","Pilates","Wellness"
"Templo Pilates Miriam",templo-pilates-miriam,yoga,pilates,"Yoga","Pilates","Wellness"
"Tenerfisio",tenerfisio,yoga,wellness,"Yoga","Pilates","Wellness"
"Tenerife Top Training - Elite Performance Center",tenerife-top-training-elite-performance-,yoga,wellness,"Yoga","Pilates","Wellness"
"Terapias Naturales El Ojo de Horus",terapias-naturales-el-ojo-de-horus,yoga,wellness,"Yoga","Pilates","Wellness"
"Thalassa Pilates Studio",thalassa-pilates-studio,wellness,pilates,"Pilates","Spa",""
"The Club Fitness & Pilates Experience",the-club-fitness-pilates-experience,yoga,pilates,"Yoga","Pilates","Wellness"
"The Garden Madrid | Yoga Barrio Salamanca",the-garden-madrid-yoga-barrio-salamanca,yoga,yoga,"Yoga","Pilates","Wellness"
"THE RITUAL- Clinica de Acupuntura y Ayurveda",the-ritual-clinica-de-acupuntura-y-ayurv,meditation,ayurveda,"Ayurveda","Yoga","Pilates"
"The Wellbeing art Ibiza - Medicina Tradicional China/ Acupuntura/Masaje",the-wellbeing-art-ibiza-medicina-tradici,meditation,wellness,"Yoga","Pilates","Wellness"
"The Yoger - Yoga Salamanca",the-yoger-yoga-salamanca,yoga,yoga,"Yoga","Pilates","Wellness"
"Tierra Indigo Eleva Tu Energia",tierra-indigo-eleva-tu-energia,spa,wellness,"Spa","Wellness","Meditación"
"Tilom Patel 🏳️‍🌈",tilom-patel,yoga,wellness,"Yoga","Pilates","Wellness"
"Toni Pilates",toni-pilates,yoga,pilates,"Yoga","Pilates","Wellness"
"Tony Sport gym",tony-sport-gym,yoga,wellness,"Yoga","Pilates","Wellness"
"Top Health La Victoria | Gimnasio en el centro Córdoba",top-health-la-victoria-gimnasio-en-el-ce,yoga,wellness,"Yoga","Pilates","Wellness"
"Trèvol",trevol,yoga,wellness,"Yoga","Pilates","Wellness"
"TrueAtalaya",trueatalaya,meditation,wellness,"Yoga","Pilates","Wellness"
"TUSHALA Yoga Studio",tushala-yoga-studio,yoga,yoga,"Yoga","Pilates","Wellness"
"TuYoga.es",tuyoga-es,yoga,yoga,"Yoga","Pilates","Wellness"
"Uma Yoga Studio",uma-yoga-studio,yoga,yoga,"Yoga","Pilates","Wellness"
"Unalome Sopela Yoga",unalome-sopela-yoga,yoga,yoga,"Yoga","Pilates","Wellness"
"Unmani Yoga",unmani-yoga,meditation,yoga,"Yoga","Pilates","Wellness"
"Ura Masajes y Técnicas Holísticas",ura-masajes-y-tecnicas-holisticas,meditation,wellness,"Yoga","Pilates","Wellness"
"Urban Gym",urban-gym,yoga,wellness,"Yoga","Pilates","Wellness"
"Urban Yoga Studio",urban-yoga-studio,yoga,yoga,"Yoga","Pilates","Wellness"
"Urvashi Yoga Estudio",urvashi-yoga-estudio,yoga,yoga,"Yoga","Pilates","Wellness"
"VALSAM fisioterapia",valsam-fisioterapia,yoga,wellness,"Yoga","Pilates","Wellness"
"Vector Fitness",vector-fitness,yoga,wellness,"Yoga","Pilates","Wellness"
"VedaNatura",vedanatura,meditation,wellness,"Yoga","Pilates","Wellness"
"Vedic healings (Ayurveda, Panchakarma & Tantra)",vedic-healings-ayurveda-panchakarma-tant,meditation,ayurveda,"Ayurveda","Yoga","Pilates"
"Victoria Jourdan Massages",victoria-jourdan-massages,spa,wellness,"Spa","Wellness","Masaje"
"Victoria Sport Club & Spa",victoria-sport-club-spa,yoga,spa,"Spa","Yoga","Pilates"
"Vida Ayurveda",vida-ayurveda,meditation,ayurveda,"Ayurveda","Yoga","Pilates"
"Vida Nova Pilates & Fitness",vida-nova-pilates-fitness,yoga,pilates,"Yoga","Pilates","Wellness"
"Vidha Hot Yoga",vidha-hot-yoga,yoga,yoga,"Yoga","Pilates","Wellness"
"Villa del Prado PHYSICAL THERAPY AND SCIENTIFIC OSTEOPATHY",villa-del-prado-physical-therapy-and-sci,yoga,wellness,"Yoga","Pilates","Wellness"
"VIP GYM IBIZA",vip-gym-ibiza,yoga,spa,"Spa","Yoga","Pilates"
"Vital Fitness",vital-fitness,yoga,wellness,"Yoga","Pilates","Wellness"
"VITALIS Deporte y Salud Mérida",vitalis-deporte-y-salud-merida,yoga,wellness,"Yoga","Pilates","Wellness"
"VIVE - Fisioterapia Avanzada",vive-fisioterapia-avanzada,yoga,wellness,"Yoga","Pilates","Wellness"
"Vive Yoga",vive-yoga,yoga,yoga,"Yoga","Pilates","Wellness"
"Volumen x Fitness Center",volumen-x-fitness-center,yoga,wellness,"Yoga","Pilates","Wellness"
"W Up",w-up,yoga,wellness,"Yoga","Pilates","Wellness"
"Wellnes Avenida",wellnes-avenida,meditation,wellness,"Yoga","Pilates","Wellness"
"Wellness Experience Andorra",wellness-experience-andorra,yoga,wellness,"Yoga","Pilates","Wellness"
"WELLNESS MASSAGE MALLORCA | Villa & Yacht Service | only inhouse service",wellness-massage-mallorca-villa-yacht-se,meditation,wellness,"Yoga","Pilates","Wellness"
"Wellness Project Pilates 1",wellness-project-pilates-1,yoga,wellness,"Yoga","Pilates","Wellness"
"Wimbi Adventures - SUP Yoga, Paddle Surf & Snorkel en Cabo de Palos",wimbi-adventures-sup-yoga-paddle-surf-sn,yoga,yoga,"Yoga","Pilates","Wellness"
"WIN Complex Esportiu Tortosa",win-complex-esportiu-tortosa,yoga,wellness,"Yoga","Pilates","Wellness"
"Wings Of Wellness Yoga",wings-of-wellness-yoga,meditation,wellness,"Yoga","Pilates","Wellness"
"Xano Pilates & Yoga",xano-pilates-yoga,yoga,pilates,"Yoga","Pilates","Wellness"
"XIMNASIO BREOGÁN, C.B.",ximnasio-breogan-c-b,yoga,wellness,"Yoga","Pilates","Wellness"
"Ximnasio Neka",ximnasio-neka,yoga,wellness,"Yoga","Pilates","Wellness"
"Xperience Arena",xperience-arena,yoga,wellness,"Yoga","Pilates","Wellness"
"Xtensallconil",xtensallconil,yoga,pilates,"Yoga","Pilates","Wellness"
"XtremeGym La Cañada",xtremegym-la-canada,yoga,wellness,"Yoga","Pilates","Wellness"
"Ya! Yoga & Lifestyle",ya-yoga-lifestyle,yoga,yoga,"Yoga","Pilates","Wellness"
"Yantra Yoga & Wellness Center",yantra-yoga-wellness-center,meditation,yoga,"Yoga","Pilates","Wellness"
"YEC Pilates León",yec-pilates-leon,yoga,pilates,"Yoga","Pilates","Wellness"
"Yo Me Cuido",yo-me-cuido,meditation,wellness,"Yoga","Pilates","Wellness"
"YO. Salud Estética",yo-salud-estetica,meditation,wellness,"Yoga","Pilates","Wellness"
"Yofluyo Centro",yofluyo-centro,yoga,wellness,"Yoga","Pilates","Wellness"
"Yoga & Ayurvéda Biarritz",yoga-ayurveda-biarritz,meditation,ayurveda,"Ayurveda","Yoga","Pilates"
"YOGA 108",yoga-108,yoga,yoga,"Yoga","Pilates","Wellness"
"Yoga Aéreo Malaga - Yogāsana Estudio",yoga-aereo-malaga-yogasana-estudio,yoga,yoga,"Yoga","Pilates","Wellness"
"Yoga Alliance School Maspalomas",yoga-alliance-school-maspalomas,yoga,yoga,"Yoga","Pilates","Wellness"
"Yoga Ángel Crespo",yoga-angel-crespo,yoga,yoga,"Yoga","Pilates","Wellness"
"Yoga Beckles",yoga-beckles,yoga,yoga,"Yoga","Pilates","Wellness"
"YOGA BY THE SEA BARCELONA",yoga-by-the-sea-barcelona,yoga,yoga,"Yoga","Pilates","Wellness"
"Yoga Canarias - Clases en Icod de los Vinos & Masajes en Garachico",yoga-canarias-clases-en-icod-de-los-vino,yoga,yoga,"Yoga","Pilates","Wellness"
"Yoga center in Pinto",yoga-center-in-pinto,yoga,yoga,"Yoga","Pilates","Wellness"
"Yoga Centre Flow",yoga-centre-flow,yoga,yoga,"Yoga","Pilates","Wellness"
"Yoga del Mar",yoga-del-mar,meditation,yoga,"Yoga","Pilates","Wellness"
"YOGA Dhana Escola de Ioga",yoga-dhana-escola-de-ioga,yoga,yoga,"Yoga","Pilates","Wellness"
"Yoga Eco Health • Inoah",yoga-eco-health-inoah,yoga,yoga,"Yoga","Pilates","Wellness"
"Yoga Ecuanime",yoga-ecuanime,yoga,yoga,"Yoga","Pilates","Wellness"
"YOGA EN ALMENDRALEJO LA SALITA DE YOGA - MARISA ALVAREZ",yoga-en-almendralejo-la-salita-de-yoga-m,meditation,yoga,"Yoga","Pilates","Wellness"
"YOGA EN BOADILLA I YOGA ASHRAM",yoga-en-boadilla-i-yoga-ashram,meditation,yoga,"Yoga","Pilates","Wellness"
"Yoga en Ibiza",yoga-en-ibiza,yoga,yoga,"Yoga","Pilates","Wellness"
"Yoga en Móstoles - Respira Yoga",yoga-en-mostoles-respira-yoga,yoga,yoga,"Yoga","Pilates","Wellness"
"Yoga Estudio Sirsásana",yoga-estudio-sirsasana,meditation,yoga,"Yoga","Pilates","Wellness"
"Yoga for Balance",yoga-for-balance,yoga,yoga,"Yoga","Pilates","Wellness"
"Yoga Ganesha Salamanca",yoga-ganesha-salamanca,yoga,yoga,"Yoga","Pilates","Wellness"
"Yoga Home Madrid",yoga-home-madrid,yoga,yoga,"Yoga","Pilates","Wellness"
"Yoga Lanzarote and Ayurvedic Massage",yoga-lanzarote-and-ayurvedic-massage,meditation,yoga,"Yoga","Pilates","Wellness"
"Yoga Logroño: ESCUELA ANANDA",yoga-logrono-escuela-ananda,yoga,yoga,"Yoga","Pilates","Wellness"
"Yoga Natur | Retiros, Yoga y Montaña",yoga-natur-retiros-yoga-y-montana,yoga,yoga,"Yoga","Pilates","Wellness"
"Yoga One Pacifico",yoga-one-pacifico,yoga,yoga,"Yoga","Pilates","Wellness"
"Yoga Real",yoga-real,meditation,yoga,"Yoga","Pilates","Wellness"
"Yoga Shala Donostia",yoga-shala-donostia,yoga,yoga,"Yoga","Pilates","Wellness"
"Yoga Terrassa",yoga-terrassa,yoga,yoga,"Yoga","Pilates","Wellness"
"Yoga Unlimited",yoga-unlimited,yoga,yoga,"Yoga","Pilates","Wellness"
"Yoga Weeks",yoga-weeks,yoga,yoga,"Yoga","Pilates","Wellness"
"Yoga with Joy : Yoga & Masajes",yoga-with-joy-yoga-masajes,meditation,yoga,"Yoga","Pilates","Wellness"
"Yoga y Mindfulness Zaragoza",yoga-y-mindfulness-zaragoza,yoga,yoga,"Yoga","Pilates","Wellness"
"Yoga y Terapias Holísticas. Bodhicitta",yoga-y-terapias-holisticas-bodhicitta,meditation,yoga,"Yoga","Pilates","Wellness"
"Yoga, Meditation and Life coaching in Maspalomas",yoga-meditation-and-life-coaching-in-mas,yoga,yoga,"Yoga","Pilates","Wellness"
"YogaConecta",yogaconecta,meditation,yoga,"Yoga","Pilates","Wellness"
"YOGAOMMM",yogaommm,yoga,yoga,"Yoga","Pilates","Wellness"
"YogaOne El Perchel",yogaone-el-perchel,yoga,yoga,"Yoga","Pilates","Wellness"
"YogaSalud",yogasalud,yoga,yoga,"Yoga","Pilates","Wellness"
"YogaSenzia - Fuengirola - Centro de Yoga - Pilates y Bienestar Interior.",yogasenzia-fuengirola-centro-de-yoga-pil,yoga,yoga,"Yoga","Pilates","Wellness"
"Yogayo",yogayo,yoga,yoga,"Yoga","Pilates","Wellness"
"Yoqui Yemayá Yoga Aeroyoga Desarrollo",yoqui-yemaya-yoga-aeroyoga-desarrollo,yoga,yoga,"Yoga","Pilates","Wellness"
"YOSOYOGA",yosoyoga,yoga,yoga,"Yoga","Pilates","Wellness"
"yuj es yoga",yuj-es-yoga,meditation,yoga,"Yoga","Pilates","Wellness"
"Zarza",zarza,meditation,wellness,"Yoga","Pilates","Wellness"
"ZEN - Centro de Terapias Naturales, Yoga y Meditación",zen-centro-de-terapias-naturales-yoga-y-,yoga,yoga,"Yoga","Pilates","Wellness"
"Zen massage Armonia",zen-massage-armonia,spa,wellness,"Spa","Wellness","Yoga"
"Zensports Massage & Bodywork",zensports-massage-bodywork,yoga,wellness,"Yoga","Pilates","Wellness"
"Zentro Urban Yoga Retiro",zentro-urban-yoga-retiro,yoga,yoga,"Yoga","Pilates","Wellness"
"Zero | Entrenamiento y Fisioterapia",zero-entrenamiento-y-fisioterapia,yoga_meditation,wellness,"Yoga","Pilates","Wellness"
"Zona Fitness Lleida",zona-fitness-lleida,yoga,yoga,"Yoga","Pilates","Wellness"