Nombre,Slug,Tipo_actual,Tipo_propuesto,Cambia
"| Clínica Fisioterapia y suelo pélvico Salamanca | Julia Rodríguez",clinica-fisioterapia-y-suelo-pelvico-sal,pilates,wellness,Sí
"22Nexus Pilates",22nexus-pilates,pilates,pilates,No
"23.FIT",23-fit,pilates,multidisciplinary,Sí
"3Ventur",3ventur,yoga,yoga_meditation,Sí
"4Health - Personal Training Studio",4health-personal-training-studio,yoga,wellness,Sí
"88 Sports Leisure Center Towers",88-sports-leisure-center-towers,yoga,multidisciplinary,Sí
"AB Yoga Center By Alícia Beltrán - Centre de Ioga a Barcelona",ab-yoga-center-by-alicia-beltran-centre-,yoga,yoga,No
"Abbyveda Massages ô féminin",abbyveda-massages-o-feminin,ayurveda,ayurveda,No
"Acfitness Gym (Noia)",acfitness-gym-noia,yoga,multidisciplinary,Sí
"Acroyoga y Yoga Barcelona",acroyoga-y-yoga-barcelona,yoga,yoga_meditation,Sí
"Activa Pilates Moralzarzal",activa-pilates-moralzarzal,pilates,pilates,No
"Activaclub Almería",activaclub-almeria,yoga,yoga,No
"activaT center",activat-center,yoga,yoga_meditation,Sí
"Activate Sports Club",activate-sports-club,yoga,multidisciplinary,Sí
"ActualFit 24 🏋🏻‍♂️",actualfit-24,yoga,multidisciplinary,Sí
"Afitnity Training Box",afitnity-training-box,yoga,wellness,Sí
"Agalar",agalar,yoga,yoga_meditation,Sí
"Ágape Yoga Málaga",agape-yoga-malaga,yoga,yoga,No
"Agâra Yoga - Lugo",agara-yoga-lugo,yoga,yoga,No
"Agoyoga Ibiza",agoyoga-ibiza,yoga,yoga_meditation,Sí
"ahimsa YOGA",ahimsa-yoga,yoga,yoga,No
"Ahimsa Yoga y Sonido",ahimsa-yoga-y-sonido,yoga,yoga_meditation,Sí
"Aiyayurveda International Association of yoga and ayurveda",aiyayurveda-international-association-of,ayurveda,yoga_meditation,Sí
"Akasha - Casa de Sanación y Ayurveda Savitri OM",akasha-casa-de-sanacion-y-ayurveda-savit,ayurveda,ayurveda,No
"Akasha Yoga Pilates Alcalá",akasha-yoga-pilates-alcala,yoga,yoga_meditation,Sí
"Aktivs Yoga Tenerife",aktivs-yoga-tenerife,yoga,yoga_meditation,Sí
"Alba Flores Saranam-Refugio del Alma",alba-flores-saranam-refugio-del-alma,ayurveda,ayurveda,No
"Alea Fisioterapia Deportiva y Suelo Pélvico Guadalajara.",alea-fisioterapia-deportiva-y-suelo-pelv,pilates,wellness,Sí
"Alice MASSAGE & YOGA - BAYONNE",alice-massage-yoga-bayonne,ayurveda,yoga_meditation,Sí
"Almagrit Baños Árabes| Almagro.",almagrit-banos-arabes-almagro,yoga,wellness_spa,Sí
"Amantes del Yoga",amantes-del-yoga,ayurveda,yoga,Sí
"Ametlla Diving",ametlla-diving,yoga,multidisciplinary,Sí
"Anahata Centro de Yoga y Bienestar y Gong",anahata-centro-de-yoga-y-bienestar-y-gon,ayurveda,yoga_meditation,Sí
"ANANDA Centre de Soins Ayurvédiques",ananda-centre-de-soins-ayurvediques,ayurveda,ayurveda,No
"Ananda Ioga",ananda-ioga,yoga,yoga,No
"Ananta Ayurveda",ananta-ayurveda,ayurveda,ayurveda,No
"ANDRÉ FARIA",andre-faria,pilates,multidisciplinary,Sí
"Ángela Valle Centro de Masajes y Técnicas Naturales",angela-valle-centro-de-masajes-y-tecnica,ayurveda,wellness,Sí
"Ànima Wellness",anima-wellness,ayurveda,wellness,Sí
"ANS CLINIC",ans-clinic,ayurveda,ayurveda,No
"Anytime Fitness Parc de l'Aigua",anytime-fitness-parc-de-l-aigua,yoga,multidisciplinary,Sí
"Apasho yoga",apasho-yoga,ayurveda,yoga_meditation,Sí
"Aquae Centro Multidisciplinar María Bermejo",aquae-centro-multidisciplinar-maria-berm,yoga,wellness,Sí
"Arco Pilates",arco-pilates,yoga,pilates,Sí
"Areafit Albacete",areafit-albacete,yoga,multidisciplinary,Sí
"Areafit Arrecife",areafit-arrecife,yoga,wellness,Sí
"Areafit Écija",areafit-ecija,pilates,multidisciplinary,Sí
"Areafit Morón",areafit-moron,pilates,multidisciplinary,Sí
"Areafit Reus",areafit-reus,pilates,multidisciplinary,Sí
"Arenas Health Club",arenas-health-club,pilates,multidisciplinary,Sí
"Ariznabarra Gizarte Etxea",ariznabarra-gizarte-etxea,yoga,yoga_meditation,Sí
"Arjuna Escuela de Yoga",arjuna-escuela-de-yoga,yoga,yoga,No
"Arrels Centre de teràpies naturals, formació i estètica",arrels-centre-de-terapies-naturals-forma,yoga,wellness,Sí
"Art of Healing",art-of-healing,ayurveda,ayurveda,No
"Art On Yoga + Art On You By Patricia Bonet",art-on-yoga-art-on-you-by-patricia-bonet,yoga,yoga,No
"Aruna Vigo - Reflexologia, Craneosacral y Meditación",aruna-vigo-reflexologia-craneosacral-y-m,ayurveda,wellness,Sí
"ASERHCO Rehabilitation and Health",aserhco-rehabilitation-and-health,pilates,multidisciplinary,Sí
"Ashiyana Yoga Retreat Centre",ashiyana-yoga-retreat-centre,ayurveda,yoga_meditation,Sí
"Ashvattha Quiromasaje",ashvattha-quiromasaje,ayurveda,ayurveda,No
"Ateneo Obrero de Villaviciosa",ateneo-obrero-de-villaviciosa,yoga,yoga_meditation,Sí
"Athletic Gym",athletic-gym,pilates,multidisciplinary,Sí
"ATLAS Sports Center",atlas-sports-center,pilates,multidisciplinary,Sí
"AURA Yoga Lleida",aura-yoga-lleida,ayurveda,yoga,Sí
"AWA YOGA",awa-yoga,yoga,yoga,No
"Ayurfeel",ayurfeel,ayurveda,ayurveda,No
"Ayurvéda - Nour Lucie Joao",ayurveda-nour-lucie-joao,ayurveda,ayurveda,No
"Ayurveda Barcelona",ayurveda-barcelona,ayurveda,ayurveda,No
"Ayurveda Botanic I Guilu Cabalé",ayurveda-botanic-i-guilu-cabale,ayurveda,ayurveda,No
"Ayurveda Experience Connie",ayurveda-experience-connie,ayurveda,ayurveda,No
"Ayurveda Jaén: Centro de Yoga y naturopatía India",ayurveda-jaen-centro-de-yoga-y-naturopat,ayurveda,ayurveda,No
"Ayurveda La Palma",ayurveda-la-palma,yoga,ayurveda,Sí
"Ayurveda Lifestyle By Bharat Negi",ayurveda-lifestyle-by-bharat-negi,ayurveda,ayurveda,No
"Ayurveda Medicina Natural Lola Peña",ayurveda-medicina-natural-lola-pena,ayurveda,ayurveda,No
"Ayurveda Rural",ayurveda-rural,ayurveda,ayurveda,No
"Ayurveda Shobha Lad",ayurveda-shobha-lad,ayurveda,ayurveda,No
"Ayurveda Tradicional",ayurveda-tradicional,ayurveda,ayurveda,No
"Ayurveda Yoga Health - Yoga Vidya Torrox Costa",ayurveda-yoga-health-yoga-vidya-torrox-c,ayurveda,yoga_meditation,Sí
"AZ GYM & JIU JITSU ACADEMY",az-gym-jiu-jitsu-academy,pilates,multidisciplinary,Sí
"Bárbara Martínez Yoga y Terapias Naturales",barbara-martinez-yoga-y-terapias-natural,yoga,yoga,No
"Bárbara Yogaterapia",barbara-yogaterapia,ayurveda,yoga,Sí
"Barquillo Yoga",barquillo-yoga,yoga,yoga,No
"Barrefit Bcn Studio Eixample",barrefit-bcn-studio-eixample,yoga,multidisciplinary,Sí
"Basic-Fit",basic-fit-2,pilates,multidisciplinary,Sí
"Basic-Fit",basic-fit-1,pilates,multidisciplinary,Sí
"Basic-Fit",basic-fit,pilates,multidisciplinary,Sí
"Basic-Fit Ponferrada Avenida España 17",basic-fit-ponferrada-avenida-espana-17,pilates,multidisciplinary,Sí
"Baubo Yoga",baubo-yoga,yoga,yoga,No
"BE A RAINBOW",be-a-rainbow,yoga,yoga_meditation,Sí
"Be Art Yoga",be-art-yoga,yoga,yoga,No
"Be24Fit",be24fit,yoga,multidisciplinary,Sí
"Beach Gym",beach-gym,pilates,multidisciplinary,Sí
"Beatriz Alija - Terapia holística",beatriz-alija-terapia-holistica,ayurveda,wellness_spa,Sí
"Beauty Center París: Peluquería, Estética, Masajes y Pilates",beauty-center-paris-peluqueria-estetica-,pilates,multidisciplinary,Sí
"beKaruna by Paqui Sanchiz | Centro de Yoga y Meditación",bekaruna-by-paqui-sanchiz-centro-de-yoga,yoga,yoga_meditation,Sí
"BeMovement Adeje",bemovement-adeje,pilates,wellness,Sí
"BEN'S GYM IBIZA",ben-s-gym-ibiza,yoga,multidisciplinary,Sí
"BeOne Fitness & Sport",beone-fitness-sport-1,yoga,multidisciplinary,Sí
"BeOne Fitness & Sport",beone-fitness-sport,pilates,multidisciplinary,Sí
"BeOne Ourense",beone-ourense,yoga,multidisciplinary,Sí
"Bio Terapias Eva Varela",bio-terapias-eva-varela,ayurveda,ayurveda,No
"BioBalance - Fisioterapia integrativa y movimiento",biobalance-fisioterapia-integrativa-y-mo,pilates,yoga_meditation,Sí
"blanc yoga Eixample",blanc-yoga-eixample,yoga,yoga,No
"BLAUMEER YOGA STUDIO by Christine Pohn",blaumeer-yoga-studio-by-christine-pohn,yoga,yoga,No
"Blue Fitness Gyms",blue-fitness-gyms,yoga,multidisciplinary,Sí
"bodhana wellness centre",bodhana-wellness-centre,ayurveda,wellness,Sí
"Body Viu",body-viu,pilates,multidisciplinary,Sí
"Bodycam Sports Cambrils",bodycam-sports-cambrils,pilates,multidisciplinary,Sí
"Bodyline Fitness club",bodyline-fitness-club,pilates,multidisciplinary,Sí
"BorealRelax: Centro de Masajes y Wellness Spa",borealrelax-centro-de-masajes-y-wellness,ayurveda,wellness_spa,Sí
"Brooklyn Fitboxing Albacete",brooklyn-fitboxing-albacete,yoga,multidisciplinary,Sí
"Brooklyn Fitboxing Burgos",brooklyn-fitboxing-burgos,yoga,multidisciplinary,Sí
"Brooklyn Fitboxing Ciudad real",brooklyn-fitboxing-ciudad-real,pilates,multidisciplinary,Sí
"Bru Fisioterapia Masajes. Biomecanica del ciclismo",bru-fisioterapia-masajes-biomecanica-del,pilates,wellness,Sí
"Bullgym Centro Fitness",bullgym-centro-fitness,pilates,multidisciplinary,Sí
"Burbuja Natural",burbuja-natural,ayurveda,ayurveda,No
"C&M Pilates Studio",c-m-pilates-studio,yoga,pilates,Sí
"CAF - Cross Arts Fitness",caf-cross-arts-fitness,yoga,multidisciplinary,Sí
"Calma Campus Famara Yoga Lanzarote",calma-campus-famara-yoga-lanzarote,yoga,yoga,No
"Cālma Studio - Yoga & Mindfulness",calma-studio-yoga-mindfulness,yoga,yoga_meditation,Sí
"CALMA YOGA Donostia ‍ ‍",calma-yoga-donostia,yoga,yoga,No
"Carole Martinez Massage Ayurvedic &Yoga. Perpignan 66000 Et Alentours",carole-martinez-massage-ayurvedic-yoga-p,ayurveda,yoga_meditation,Sí
"Casa Cuadrau: Yoga, Art & Nature in the Pyrenees",casa-cuadrau-yoga-art-nature-in-the-pyre,yoga,yoga_meditation,Sí
"Casa del Moviment - Dansa, Ioga, Salut",casa-del-moviment-dansa-ioga-salut,yoga,yoga_meditation,Sí
"Casita de Ayurveda Tenerife",casita-de-ayurveda-tenerife,ayurveda,ayurveda,No
"CEM La Fanecada",cem-la-fanecada,yoga,multidisciplinary,Sí
"Center Yoga Shiva & Shakti Pamplona",center-yoga-shiva-shakti-pamplona,yoga,yoga,No
"Centre Béa - Massages et Ayurvéda",centre-bea-massages-et-ayurveda,ayurveda,ayurveda,No
"Centre de Bien-être Ayurvédique - Asso. Mains Libres",centre-de-bien-etre-ayurvedique-asso-mai,ayurveda,ayurveda,No
"Centre de Ioga Ca s'Oliba",centre-de-ioga-ca-s-oliba,yoga,yoga,No
"Centre Dhamma",centre-dhamma,yoga,yoga_meditation,Sí
"Centre Esportiu d'Ordino",centre-esportiu-d-ordino,yoga,wellness,Sí
"Centre Esportiu Esquitx",centre-esportiu-esquitx,yoga,wellness,Sí
"Centre Prasad",centre-prasad,ayurveda,ayurveda,No
"Centre Sat Nam",centre-sat-nam,ayurveda,yoga_meditation,Sí
"Centro | Studio Pilates Calle Ancha | Albacete",centro-studio-pilates-calle-ancha-albace,yoga,pilates,Sí
"Centro Amoratí",centro-amorati,ayurveda,yoga_meditation,Sí
"Centro Axarquía. Fisioterapia y Pilates",centro-axarquia-fisioterapia-y-pilates,pilates,pilates,No
"Centro Ayurveda Devasahi",centro-ayurveda-devasahi,ayurveda,ayurveda,No
"Centro Bienestar JANAKI YOGA",centro-bienestar-janaki-yoga,yoga,yoga,No
"Centro Calima. Centro de retiros y meditación.",centro-calima-centro-de-retiros-y-medita,yoga,yoga_meditation,Sí
"Centro Cultural el Pinós",centro-cultural-el-pinos,yoga,yoga_meditation,Sí
"Centro Cultural Manuel Benito Moliner (antiguo Matadero)",centro-cultural-manuel-benito-moliner-an,yoga,yoga_meditation,Sí
"Centro de Ayurveda",centro-de-ayurveda,ayurveda,ayurveda,No
"Centro de Bienestar Paula García",centro-de-bienestar-paula-garcia,yoga,yoga_meditation,Sí
"Centro de fisioterapia en Lugones Pablo Calleja",centro-de-fisioterapia-en-lugones-pablo-,pilates,wellness,Sí
"Centro de fisioterapia Kwal Physio",centro-de-fisioterapia-kwal-physio,pilates,wellness,Sí
"Centro de Fitness Q-FITLIFE",centro-de-fitness-q-fitlife,pilates,multidisciplinary,Sí
"Centro de Masajes Karmia",centro-de-masajes-karmia,yoga,wellness,Sí
"Centro de Naturopatía, Quiromasaje y Osteopatía, Cháman",centro-de-naturopatia-quiromasaje-y-oste,ayurveda,wellness,Sí
"Centro de Osteopatia- Yaiza",centro-de-osteopatia-yaiza,ayurveda,wellness,Sí
"Centro de Pilates y Yoga Unalome Rooms",centro-de-pilates-y-yoga-unalome-rooms,yoga,yoga_meditation,Sí
"Centro de Retiros de Yoga y Meditación Pirineo · Casa Marterena",centro-de-retiros-de-yoga-y-meditacion-p,yoga,yoga_meditation,Sí
"Centro de Retiros y Formacion Yoga Vida",centro-de-retiros-y-formacion-yoga-vida,yoga,yoga,No
"Centro de Terapia Natural Arq Nature",centro-de-terapia-natural-arq-nature,ayurveda,wellness,Sí
"Centro de Yoga Victoria",centro-de-yoga-victoria,yoga,yoga,No
"Centro de Yoga y Ayurveda. Do Ananda Yoga",centro-de-yoga-y-ayurveda-do-ananda-yoga,ayurveda,yoga_meditation,Sí
"Centro de Yoga, Meditación y Mindfulness en Alcalá de Henares | Eduardo Solarte",centro-de-yoga-meditacion-y-mindfulness-,yoga,yoga_meditation,Sí
"Centro Deportivo American Spin",centro-deportivo-american-spin,yoga,multidisciplinary,Sí
"Centro deportivo INCIPIT Sports solution for humans FITCROSS & HYBRID",centro-deportivo-incipit-sports-solution,pilates,multidisciplinary,Sí
"Centro Deportivo Palas",centro-deportivo-palas,pilates,multidisciplinary,Sí
"Centro Deportivo Q-FITLIFE",centro-deportivo-q-fitlife,yoga,multidisciplinary,Sí
"Centro deportivo Sauter",centro-deportivo-sauter,pilates,multidisciplinary,Sí
"Centro Deportivo Sport is Medicine",centro-deportivo-sport-is-medicine,pilates,multidisciplinary,Sí
"Centro Deportivo Stabia",centro-deportivo-stabia,yoga,multidisciplinary,Sí
"Centro deportivo Supera Río Tajo",centro-deportivo-supera-rio-tajo,yoga,multidisciplinary,Sí
"CENTRO ELLE fisioterapia avanzada",centro-elle-fisioterapia-avanzada,pilates,wellness,Sí
"Centro Especializado En Fisioterapia Santa Marta De Tormes",centro-especializado-en-fisioterapia-san,pilates,wellness,Sí
"Centro Febrero",centro-febrero,pilates,pilates,No
"Centro Hara",centro-hara,ayurveda,yoga_meditation,Sí
"Centro Kali | Yoga, pilates y terapias naturales en Granada",centro-kali-yoga-pilates-y-terapias-natu,yoga,yoga_meditation,Sí
"Centro Keisho Alcázar Osteopatia, quiromasaje, MTC y terapias naturales.",centro-keisho-alcazar-osteopatia-quiroma,yoga,wellness,Sí
"Centro Ki * Lau",centro-ki-lau,yoga,yoga_meditation,Sí
"Centro KIRAN",centro-kiran,ayurveda,yoga_meditation,Sí
"Centro Martins&Co",centro-martins-co,yoga,yoga_meditation,Sí
"Centro Mushin",centro-mushin,ayurveda,ayurveda,No
"Centro Nura Fisioterapia, Osteopatía, Suelo Pélvico, Pilates",centro-nura-fisioterapia-osteopatia-suel,yoga,wellness,Sí
"Centro Prana Yoga Burgos",centro-prana-yoga-burgos,yoga,yoga,No
"Centro qiromass",centro-qiromass,ayurveda,wellness,Sí
"Centro Sevilla Bienestar",centro-sevilla-bienestar,ayurveda,wellness,Sí
"Centro Shanti (Masajes y Terapias Alternativas)",centro-shanti-masajes-y-terapias-alterna,ayurveda,ayurveda,No
"Centro Soham Yoga Ronda",centro-soham-yoga-ronda,yoga,yoga,No
"Centro Viviendo La Vida Yoga",centro-viviendo-la-vida-yoga,yoga,yoga,No
"Centro Yogasadhana",centro-yogasadhana,ayurveda,yoga_meditation,Sí
"CENTRO ZAMA DE YOGA IYENGAR® Barcelona",centro-zama-de-yoga-iyengar-barcelona,yoga,yoga,No
"Chandra Ibiza",chandra-ibiza,ayurveda,yoga_meditation,Sí
"Clan Fitness Tenerife",clan-fitness-tenerife,pilates,multidisciplinary,Sí
"Classical Hatha Yoga y Ayurveda Patanga",classical-hatha-yoga-y-ayurveda-patanga,ayurveda,yoga_meditation,Sí
"Clínica Andrea Palazzolo · Fisioterapia y Pilates",clinica-andrea-palazzolo-fisioterapia-y-,yoga,pilates,Sí
"Clínica de Fisioterapia en Albacete - Loli Poveda",clinica-de-fisioterapia-en-albacete-loli,pilates,wellness,Sí
"Clínica de fisioterapia Fisiocenter Úbeda",clinica-de-fisioterapia-fisiocenter-ubed,pilates,wellness,Sí
"Clínica de Fisioterapia Fisiofuncional Ciudad Real",clinica-de-fisioterapia-fisiofuncional-c,pilates,wellness,Sí
"Clínica de Fisioterapia Fran Rodríguez",clinica-de-fisioterapia-fran-rodriguez,pilates,pilates,No
"Clínica Estética Integral Doshas",clinica-estetica-integral-doshas,ayurveda,ayurveda,No
"Clínica FISAP Fisioterapia Avanzada, Suelo Pélvico y Pilates",clinica-fisap-fisioterapia-avanzada-suel,pilates,pilates,No
"Clínica Fisiolax. Fisioterapia y Pilates",clinica-fisiolax-fisioterapia-y-pilates,yoga,pilates,Sí
"Clínica Fisiomar",clinica-fisiomar,pilates,multidisciplinary,Sí
"Clínica Fisioterapia Sandra Gálvez Cabezas | Puente Genil | Fisioterapia Pediátrica y Suelo Pélvico | Nutrición",clinica-fisioterapia-sandra-galvez-cabez,yoga,wellness,Sí
"Clínica iPhysio Therapy",clinica-iphysio-therapy,pilates,multidisciplinary,Sí
"CLÍNICA LOCUBICHE - fisioterapia, pilates máquinas, acupuntura, osteopatia, dietética, psicología",clinica-locubiche-fisioterapia-pilates-m,yoga,wellness,Sí
"Clínica Maimú - Fisioterapia Avanzada Ecoguiada y Readaptación",clinica-maimu-fisioterapia-avanzada-ecog,yoga,wellness,Sí
"Clínica Mar Sánchez",clinica-mar-sanchez,pilates,wellness,Sí
"Clínica Osteodinamic",clinica-osteodinamic,pilates,wellness,Sí
"Clinica Palma Fisioterapia-Osteopatia-Pilates",clinica-palma-fisioterapia-osteopatia-pi,yoga,wellness,Sí
"𝐂𝐥𝐢𝐧𝐢𝐜𝐚 𝐒𝐚𝐥𝐮𝐱. 𝐅𝐢𝐬𝐢𝐨𝐭𝐞𝐫𝐚𝐩𝐢𝐚, 𝐎𝐬𝐭𝐞𝐨𝐩𝐚𝐭𝐢𝐚, 𝐒𝐭𝐮𝐝𝐢𝐨 𝐝𝐞 𝐘𝐨𝐠𝐚 𝐲 𝐏𝐢𝐥𝐚𝐭𝐞𝐬 𝐞𝐧 𝐇𝐮𝐞𝐥𝐯𝐚.",,yoga,wellness,Sí
"CLUB GYM SIERRA | Tu gimnasio en Córdoba",club-gym-sierra-tu-gimnasio-en-cordoba,pilates,multidisciplinary,Sí
"Club Pilates Azca",club-pilates-azca,pilates,pilates,No
"Club Pilates Conde Orgaz",club-pilates-conde-orgaz,pilates,pilates,No
"Club Pilates Guindalera",club-pilates-guindalera,pilates,pilates,No
"Club Pilates Las Rozas",club-pilates-las-rozas,pilates,pilates,No
"Complejo Deportivo Salas Bajas",complejo-deportivo-salas-bajas,yoga,multidisciplinary,Sí
"Complexo Deportivo Municipal A Fieiteira",complexo-deportivo-municipal-a-fieiteira,yoga,multidisciplinary,Sí
"Corcobado. Movimiento & Pilates",corcobado-movimiento-pilates,yoga,pilates,Sí
"Corporal ATC & Yoga Studio",corporal-atc-yoga-studio,yoga,yoga_meditation,Sí
"Corporalma Pilates Center | Teatinos, Málaga",corporalma-pilates-center-teatinos-malag,pilates,pilates,No
"CPYOGA L'ELIANA",cpyoga-l-eliana,yoga,yoga,No
"Cross MAE Fitness",cross-mae-fitness,yoga,multidisciplinary,Sí
"CrossFit Puigcerdà",crossfit-puigcerda,yoga,multidisciplinary,Sí
"Cultural Centre",cultural-centre,yoga,yoga_meditation,Sí
"Cumbre Fisioterapia - Fisioterapia y Osteopatía Zaragoza",cumbre-fisioterapia-fisioterapia-y-osteo,pilates,wellness,Sí
"Cumbria Bienestar",cumbria-bienestar,yoga,wellness,Sí
"D10",d10,yoga,multidisciplinary,Sí
"Dayananda Yoga",dayananda-yoga,ayurveda,yoga_meditation,Sí
"de la Mano del Yoga Ayurveda",de-la-mano-del-yoga-ayurveda,ayurveda,yoga_meditation,Sí
"De Novo Pilates - Princesa",de-novo-pilates-princesa,pilates,pilates,No
"DEIÀ YOGA by Lleo & Siau",deia-yoga-by-lleo-siau,yoga,yoga_meditation,Sí
"Del Norte Estudios Gijon",del-norte-estudios-gijon,yoga,yoga,No
"Deporte Free",deporte-free,yoga,multidisciplinary,Sí
"Dhamma Sacca, centro de meditación Vipassana",dhamma-sacca-centro-de-meditacion-vipass,yoga,meditation,Sí
"DHARA RETIRO YOGA & AYURVEDA",dhara-retiro-yoga-ayurveda,ayurveda,yoga_meditation,Sí
"Dhyana Vayus Yoga La Rinconada",dhyana-vayus-yoga-la-rinconada,yoga,yoga,No
"Didgeridoo Ritual",didgeridoo-ritual,ayurveda,yoga_meditation,Sí
"Distrito Fitness",distrito-fitness,yoga,multidisciplinary,Sí
"Diwali. Yoga, Wellness & Beauty en Marqués de Vadillo, Puerta del Ángel y Arganzuela",diwali-yoga-wellness-beauty-en-marques-d,yoga,yoga_meditation,Sí
"DOM Fitness Concept - Centro de entrenamiento en Zaragoza",dom-fitness-concept-centro-de-entrenamie,pilates,multidisciplinary,Sí
"Dreamfit Gasteiz",dreamfit-gasteiz,pilates,multidisciplinary,Sí
"Dreamfit Logroño",dreamfit-logrono,yoga,multidisciplinary,Sí
"Dreams Sport",dreams-sport,pilates,multidisciplinary,Sí
"Dreamsea Surf Camp Spain",dreamsea-surf-camp-spain,yoga,yoga_meditation,Sí
"Ecobarrio Herbolario",ecobarrio-herbolario,ayurveda,yoga_meditation,Sí
"Ecoespazo VITRIOL",ecoespazo-vitriol,yoga,yoga_meditation,Sí
"Ekyoga France - Rituel Massage Abhyanga Ayurvedic Pour Femmes À Cheval - Equicoaching - Coaching Business-",ekyoga-france-rituel-massage-abhyanga-ay,ayurveda,ayurveda,No
"el cercano espacio",el-cercano-espacio,yoga,yoga_meditation,Sí
"El proceso - Espacio de consciencia y movimiento",el-proceso-espacio-de-consciencia-y-movi,yoga,yoga_meditation,Sí
"El Regazo Feliz",el-regazo-feliz,yoga,yoga,No
"El Sendero del Yoga",el-sendero-del-yoga,yoga,yoga,No
"El Templo by Zen Estétic",el-templo-by-zen-estetic,ayurveda,ayurveda,No
"Elena Álvarez Alma Ayurveda",elena-alvarez-alma-ayurveda,ayurveda,ayurveda,No
"Elite Pilates",elite-pilates,pilates,pilates,No
"elix pilates",elix-pilates,pilates,pilates,No
"Emmanuelle Maurin",emmanuelle-maurin,ayurveda,ayurveda,No
"EMPI SPORTS CENTER",empi-sports-center,pilates,multidisciplinary,Sí
"En Buenas Manos fisioterapia y osteopatia",en-buenas-manos-fisioterapia-y-osteopati,pilates,multidisciplinary,Sí
"Encuentra tu equilibrio by Eva Salmerón | Terapia emocional LNT® I Masajes I Neurodanza",encuentra-tu-equilibrio-by-eva-salmeron-,ayurveda,wellness,Sí
"Endorfina Club Bristol",endorfina-club-bristol,yoga,wellness,Sí
"Energía Zen",energia-zen,yoga,yoga_meditation,Sí
"Energym Zamora Fitness Club S.L.",energym-zamora-fitness-club-s-l,pilates,multidisciplinary,Sí
"Enne Pilates",enne-pilates,pilates,pilates,No
"Entrenaconfei",entrenaconfei,pilates,multidisciplinary,Sí
"Entrenactiva (pilates y entrenamiento)",entrenactiva-pilates-y-entrenamiento,pilates,pilates,No
"Entrenamiento personal en Valladolid JYM PERFORMANCE CLUB, S.L.",entrenamiento-personal-en-valladolid-jym,yoga,multidisciplinary,Sí
"EQM",eqm,ayurveda,ayurveda,No
"Equilibrium Cosment",equilibrium-cosment,yoga,yoga_meditation,Sí
"EQUÓN Fisioterapia & Salud",equon-fisioterapia-salud,pilates,wellness,Sí
"Escola de Ioga i Salut Integral - Yoga a Sabadell",escola-de-ioga-i-salut-integral-yoga-a-s,yoga,yoga,No
"Escuela de Yoga Ananda",escuela-de-yoga-ananda,ayurveda,yoga,Sí
"Escuela de Yoga Integral Mahashakti",escuela-de-yoga-integral-mahashakti,yoga,yoga,No
"Escuela de Yoga Ling Natural YOGA - Centro de Bienestar y Yoga Adaptado",escuela-de-yoga-ling-natural-yoga-centro,yoga,yoga,No
"Escuela de Yoga y Ayurveda. La Voluntad del Alma",escuela-de-yoga-y-ayurveda-la-voluntad-d,ayurveda,yoga_meditation,Sí
"Escuela Española de Yoga Terapéutico y Ayurveda",escuela-espanola-de-yoga-terapeutico-y-a,ayurveda,yoga_meditation,Sí
"Escuela Mi retiro de yoga",escuela-mi-retiro-de-yoga,yoga,yoga,No
"Escuela Nidhan - Pamplona",escuela-nidhan-pamplona,yoga,yoga,No
"Escuela Superior de Ayurveda",escuela-superior-de-ayurveda,ayurveda,ayurveda,No
"Espacio Arcadia: Yoga y Pilates Coruña",espacio-arcadia-yoga-y-pilates-coruna,yoga,yoga_meditation,Sí
"Espacio Core María Plaza",espacio-core-maria-plaza,pilates,yoga_meditation,Sí
"Espacio de Movimiento y Bienestar Ainhoa Iturgaiz",espacio-de-movimiento-y-bienestar-ainhoa,yoga,yoga_meditation,Sí
"Espacio Nadia",espacio-nadia,yoga,yoga_meditation,Sí
"Espacio Para El Yoga",espacio-para-el-yoga,yoga,yoga,No
"Espacio Shantala",espacio-shantala,ayurveda,yoga_meditation,Sí
"Espai Món Sà",espai-mon-sa,ayurveda,yoga_meditation,Sí
"Espai Sangha, ioga, meditació, massatges i terapia",espai-sangha-ioga-meditacio-massatges-i-,yoga,yoga_meditation,Sí
"Espai Yoga Barcelona",espai-yoga-barcelona,yoga,yoga,No
"Espasana Natural",espasana-natural,ayurveda,yoga_meditation,Sí
"ESPIRITU PILATES",espiritu-pilates,pilates,pilates,No
"Essenta FisioSalud | Clínica de Fisioterapia y Pilates en Santa Cruz de Tenerife",essenta-fisiosalud-clinica-de-fisioterap,pilates,pilates,No
"Estudio Aequus 1: RGM Training más que Pilates en Mallorca",estudio-aequus-1-rgm-training-mas-que-pi,pilates,multidisciplinary,Sí
"Estudio Aequus 2: RGM Training más que Pilates en Mallorca",estudio-aequus-2-rgm-training-mas-que-pi,pilates,pilates,No
"Estudio arete pilates",estudio-arete-pilates,pilates,pilates,No
"Estudio de Pilates e Hipopresivos Mercedes Toledo",estudio-de-pilates-e-hipopresivos-merced,pilates,pilates,No
"Estudio de Yoga con Pilar Valencia",estudio-de-yoga-con-pilar-valencia,yoga,yoga,No
"Estudio Ganesha Sevilla. Clases de Pilates y Yoga. Coaching. Dietética nutrición.",estudio-ganesha-sevilla-clases-de-pilate,yoga,yoga_meditation,Sí
"Estudio Pilates Irache Sádaba",estudio-pilates-irache-sadaba,pilates,pilates,No
"ESTUDIO PILATES MÁLAGA - Auténtico Método Pilates",estudio-pilates-malaga-autentico-metodo-,pilates,pilates,No
"ETP ENCUENTRA TU POTENCIAL Centro Coaching Deportivo (Yoga, Pilates, Calistenia y Acondicionamiento Físico)",etp-encuentra-tu-potencial-centro-coachi,yoga,multidisciplinary,Sí
"Evasiom Spa",evasiom-spa,ayurveda,wellness_spa,Sí
"Evolución TIR - Ariel Jaenisch F.",evolucion-tir-ariel-jaenisch-f,yoga,yoga_meditation,Sí
"Exon Fitness",exon-fitness,yoga,multidisciplinary,Sí
"Fanny Ros Ayurveda",fanny-ros-ayurveda,ayurveda,ayurveda,No
"Fidias Center Puerto de Santa María",fidias-center-puerto-de-santa-maria,pilates,yoga_meditation,Sí
"FIGA yoga studio - navakarana Sagrada Familia",figa-yoga-studio-navakarana-sagrada-fami,yoga,yoga,No
"Fisio Ágil - Clínica de Fisioterapia",fisio-agil-clinica-de-fisioterapia,pilates,wellness,Sí
"Fisio&well",fisio-well,pilates,wellness,Sí
"FISIOBAHÍA: Centro de Fisioterapia , Osteopatía y Suelo Pélvico en el Puerto Santa María",fisiobahia-centro-de-fisioterapia-osteop,yoga,wellness,Sí
"FISIOCERCEDA",fisiocerceda,pilates,wellness,Sí
"Fisiofine Fisioterapia Guadalajara",fisiofine-fisioterapia-guadalajara,pilates,wellness,Sí
"FisioJardín Fisioterapia y Movimiento",fisiojardin-fisioterapia-y-movimiento,yoga,wellness,Sí
"FisioMove",fisiomove,pilates,multidisciplinary,Sí
"FISIOreq",fisioreq,pilates,wellness,Sí
"FISIOTERAPIA ,ESTUDIO DE PILATES Y ENTRENAMIENTO FUNCIONAL",fisioterapia-estudio-de-pilates-y-entren,yoga,pilates,Sí
"Fisioterapia Athenea",fisioterapia-athenea,pilates,wellness,Sí
"Fisioterapia Avanzada y Pilates Terapéutico Salud Activa",fisioterapia-avanzada-y-pilates-terapeut,pilates,pilates,No
"Fisioterapia Casado Nájera (Fisioterapia en Almería)",fisioterapia-casado-najera-fisioterapia-,pilates,wellness,Sí
"Fisioterapia Castellón | Centro Lledó",fisioterapia-castellon-centro-lledo,pilates,multidisciplinary,Sí
"FISIOTERAPIA DEL VALLE",fisioterapia-del-valle,pilates,wellness,Sí
"Fisioterapia María Vega",fisioterapia-maria-vega,pilates,wellness,Sí
"Fisioterapia Martínez Blanco",fisioterapia-martinez-blanco,yoga,wellness,Sí
"Fisioterapia Origen La Loma",fisioterapia-origen-la-loma,pilates,wellness,Sí
"Fisioterapia Osteopatía Pilates Peñarrubia ✅",fisioterapia-osteopatia-pilates-penarrub,yoga,wellness,Sí
"Fisioterapia Osteopatía Pilates Peñarrubia San Antón ✅",fisioterapia-osteopatia-pilates-penarrub-1,yoga,pilates,Sí
"Fisioterapia Osteopatía y Pilates Murcia Infante | DENUEVO Siéntete bien",fisioterapia-osteopatia-y-pilates-murcia,yoga,pilates,Sí
"Fisioterapia Pilates Santa Cruz FisioProyectos | Centro de Fisioterapia y Pilates en Santa Cruz de Tenerife",fisioterapia-pilates-santa-cruz-fisiopro,pilates,pilates,No
"Fisioterapia y Pilates Aleceya",fisioterapia-y-pilates-aleceya,yoga,pilates,Sí
"Fisioterapia y pilates CUERPOSANO",fisioterapia-y-pilates-cuerposano,yoga,pilates,Sí
"FisNatur",fisnatur,yoga,wellness,Sí
"Fit Pilates Studio Maspalomas",fit-pilates-studio-maspalomas,yoga,pilates,Sí
"FIT.IT.WOMAN PILATES",fit-it-woman-pilates,pilates,pilates,No
"Fitness 2.0",fitness-2-0,pilates,multidisciplinary,Sí
"Fitness Center Health Club",fitness-center-health-club,pilates,multidisciplinary,Sí
"Fitness Maxo´s Gym Puerto del Rosario",fitness-maxo-s-gym-puerto-del-rosario,pilates,multidisciplinary,Sí
"FITNESS ONE CENTER BENICARLO",fitness-one-center-benicarlo,pilates,multidisciplinary,Sí
"Fitness Park",fitness-park,pilates,multidisciplinary,Sí
"Fitness Park Gran Canaria - Vecindario",fitness-park-gran-canaria-vecindario,pilates,multidisciplinary,Sí
"Fitness Park Lleida Plaza - Noguerola",fitness-park-lleida-plaza-noguerola,pilates,multidisciplinary,Sí
"Fitness Place Sport Center",fitness-place-sport-center,pilates,yoga_meditation,Sí
"Fitness Salud",fitness-salud,pilates,yoga_meditation,Sí
"FitnessLife Guadalajara",fitnesslife-guadalajara,yoga,yoga_meditation,Sí
"Fleur De Lumière",fleur-de-lumiere,ayurveda,wellness_spa,Sí
"Flor de Lluna Teràpies",flor-de-lluna-terapies,ayurveda,ayurveda,No
"Flow Training Pilates Faro",flow-training-pilates-faro,pilates,pilates,No
"Flow with Faye… Yoga & Wellbeing",flow-with-faye-yoga-wellbeing,ayurveda,yoga_meditation,Sí
"Flowsurfproject Fuerteventura",flowsurfproject-fuerteventura,yoga,multidisciplinary,Sí
"Forlife - Ginásio em Viseu",forlife-ginasio-em-viseu,yoga,multidisciplinary,Sí
"Fraile Gym Tomelloso",fraile-gym-tomelloso,yoga,multidisciplinary,Sí
"Fran Barahona Ayurveda Spa",fran-barahona-ayurveda-spa,ayurveda,ayurveda,No
"FT STUDIO - Pilates & Personal Training",ft-studio-pilates-personal-training,yoga,pilates,Sí
"Full Vitality Spa - Home Massage Service Marbella",full-vitality-spa-home-massage-service-m,ayurveda,spa,Sí
"FULL VITALITY SPA SIERRA NEVADA",full-vitality-spa-sierra-nevada,ayurveda,wellness_spa,Sí
"Ganesha Experience",ganesha-experience,yoga,yoga_meditation,Sí
"Gemburu Wellness",gemburu-wellness,ayurveda,ayurveda,No
"GIMNAS CAMPILLO SPORT - CLUB ESPORTIU MOLLERUSSA",gimnas-campillo-sport-club-esportiu-moll,pilates,multidisciplinary,Sí
"Gimnasio AltaFit Albacete Mariana Pineda",gimnasio-altafit-albacete-mariana-pineda,yoga,multidisciplinary,Sí
"Gimnasio Arnold Fit Gym Los Cristianos",gimnasio-arnold-fit-gym-los-cristianos,pilates,multidisciplinary,Sí
"Gimnasio Ballester",gimnasio-ballester,pilates,multidisciplinary,Sí
"Gimnasio Body Fitness",gimnasio-body-fitness,pilates,multidisciplinary,Sí
"Gimnasio Esfera La Roda",gimnasio-esfera-la-roda,yoga,multidisciplinary,Sí
"Gimnasio Forma Salamanca",gimnasio-forma-salamanca,pilates,multidisciplinary,Sí
"Gimnasio Free Time",gimnasio-free-time,yoga,multidisciplinary,Sí
"Gimnasio Infinit Fitness Magic World - Abierto 24 horas",gimnasio-infinit-fitness-magic-world-abi,pilates,multidisciplinary,Sí
"Gimnasio Kata",gimnasio-kata,pilates,multidisciplinary,Sí
"Gimnasio Kronos",gimnasio-kronos,pilates,multidisciplinary,Sí
"Gimnasio Limite",gimnasio-limite,yoga,multidisciplinary,Sí
"Gimnasio Liza Fitness Gran Vía",gimnasio-liza-fitness-gran-via,yoga,multidisciplinary,Sí
"Gimnasio Lugo",gimnasio-lugo,yoga,multidisciplinary,Sí
"Gimnasio Miguelturra",gimnasio-miguelturra,yoga,multidisciplinary,Sí
"GIMNASIO OLIMPIA SQUASH",gimnasio-olimpia-squash,yoga,multidisciplinary,Sí
"GIMNASIO PEDREGAL COLLOTO",gimnasio-pedregal-colloto,pilates,multidisciplinary,Sí
"Gimnasio Sparta Sport Center Cuenca - Calle Jose Cobo",gimnasio-sparta-sport-center-cuenca-call,yoga,multidisciplinary,Sí
"Gimnasio Sparta Sport Center Cuenca - Centro Comercial El Mirador",gimnasio-sparta-sport-center-cuenca-cent,yoga,multidisciplinary,Sí
"Gimnasio Sparta Sport Center Jaca",gimnasio-sparta-sport-center-jaca,yoga,multidisciplinary,Sí
"Gimnasio Sparta Sport Center Logroño",gimnasio-sparta-sport-center-logrono,pilates,multidisciplinary,Sí
"Gimnasio Sparta Sport Center Palencia - Calle José Zorrilla",gimnasio-sparta-sport-center-palencia-ca,pilates,multidisciplinary,Sí
"Gimnasio Sparta Sport Center Palencia - Calle Mayor",gimnasio-sparta-sport-center-palencia-ca-1,yoga,multidisciplinary,Sí
"Gimnasio Sparta Sport Center Pamplona - Calle Estella",gimnasio-sparta-sport-center-pamplona-ca,pilates,multidisciplinary,Sí
"Gimnasio Sparta Sport Center Soria",gimnasio-sparta-sport-center-soria,yoga,multidisciplinary,Sí
"Gimnasio Sport Club Fontana",gimnasio-sport-club-fontana,yoga,multidisciplinary,Sí
"Gimnasio Sportia Cordón 5",gimnasio-sportia-cordon-5,pilates,multidisciplinary,Sí
"GIMNASIO TEMPLARIUM PONFERRADA",gimnasio-templarium-ponferrada,pilates,multidisciplinary,Sí
"Gimnasio VivaGym Estadio",gimnasio-vivagym-estadio,yoga,multidisciplinary,Sí
"Gimnasio VivaGym Gran Capitán",gimnasio-vivagym-gran-capitan,yoga,multidisciplinary,Sí
"Gimnasio VivaGym Parque Abelardo",gimnasio-vivagym-parque-abelardo,yoga,multidisciplinary,Sí
"Gimnasio VivaGym San Roque",gimnasio-vivagym-san-roque,yoga,multidisciplinary,Sí
"Gimnasio VivaGym Torrelavega",gimnasio-vivagym-torrelavega,yoga,multidisciplinary,Sí
"Gimnasio Xtreme 2",gimnasio-xtreme-2,yoga,multidisciplinary,Sí
"Ginásio 100% Health Club",ginasio-100-health-club,yoga,multidisciplinary,Sí
"GO GYM&FIT",go-gym-fit,yoga,multidisciplinary,Sí
"Gobinde Yoga",gobinde-yoga,ayurveda,yoga_meditation,Sí
"GONAN YOGA",gonan-yoga,yoga,yoga,No
"Gózate Yoga y Bienestar",gozate-yoga-y-bienestar,ayurveda,yoga,Sí
"GranaYoga | Bienestar Integral",granayoga-bienestar-integral,yoga,yoga_meditation,Sí
"Grow Yoga Barcelona",grow-yoga-barcelona,yoga,yoga,No
"Guruveda Yoga",guruveda-yoga,ayurveda,yoga,Sí
"Gym and Sports Center Lanefit",gym-and-sports-center-lanefit,pilates,multidisciplinary,Sí
"Gym Elite Puertollano",gym-elite-puertollano,yoga,multidisciplinary,Sí
"GYM FITNESS CENTER TOLEDO",gym-fitness-center-toledo,yoga,multidisciplinary,Sí
"Gym Garage Gym Club ( Playa Blanca - Lanzarote)",gym-garage-gym-club-playa-blanca-lanzaro,yoga,multidisciplinary,Sí
"Gym Tres Cruces",gym-tres-cruces,pilates,multidisciplinary,Sí
"Hacia tu paz interior: Yoga - Sonidos - Retiros",hacia-tu-paz-interior-yoga-sonidos-retir,yoga,yoga_meditation,Sí
"Haridayam, Ioga i Meditació",haridayam-ioga-i-meditacio,yoga,yoga_meditation,Sí
"Hatha Yoga Málaga",hatha-yoga-malaga,yoga,yoga,No
"Health & Pilates",health-pilates,pilates,pilates,No
"Health Forest Worldwide",health-forest-worldwide,ayurveda,ayurveda,No
"Herbodietètica Pronaturas",herbodietetica-pronaturas,ayurveda,ayurveda,No
"Herbolario Mare Nostrum",herbolario-mare-nostrum,ayurveda,ayurveda,No
"Hermes Fisioterapia",hermes-fisioterapia,pilates,wellness,Sí
"HOLISTIC CENTER BODY & MIND",holistic-center-body-mind,yoga,yoga_meditation,Sí
"Hotel Spa Río Ucero",hotel-spa-rio-ucero,yoga,wellness_spa,Sí
"Ignis Gym",ignis-gym,pilates,multidisciplinary,Sí
"Illa Harmonia",illa-harmonia,ayurveda,ayurveda,No
"imaGym Puertollano |Centro",imagym-puertollano-centro,pilates,multidisciplinary,Sí
"imaGym Teruel |Universidad",imagym-teruel-universidad,yoga,multidisciplinary,Sí
"imaGym Torrelavega-Zapatón",imagym-torrelavega-zapaton,pilates,multidisciplinary,Sí
"imohe · Instituto de Salud, Medicina y Oncología Holística",imohe-instituto-de-salud-medicina-y-onco,ayurveda,ayurveda,No
"Inacua Aranda de Duero",inacua-aranda-de-duero,yoga,wellness,Sí
"inbo Pilates y Fisio",inbo-pilates-y-fisio,pilates,pilates,No
"Infinity Fitness Life Montilla",infinity-fitness-life-montilla,yoga,wellness,Sí
"Inma Tarancón - Fisioterapia y Osteopatía",inma-tarancon-fisioterapia-y-osteopatia,yoga,wellness,Sí
"Inma Yago Juan - Pilates Aereo en Yecla",inma-yago-juan-pilates-aereo-en-yecla,yoga,pilates,Sí
"Institut de Salut Holística Rosselló",institut-de-salut-holistica-rossello,ayurveda,ayurveda,No
"Instituto Europeo Neoyoga",instituto-europeo-neoyoga,yoga,yoga,No
"InterClub",interclub,yoga,wellness,Sí
"Invictus Sport Center",invictus-sport-center,pilates,yoga_meditation,Sí
"INVICTUS TraininGym.",invictus-trainingym,pilates,multidisciplinary,Sí
"Iron Gym",iron-gym,yoga,multidisciplinary,Sí
"Isabelle Moulin - Psycho-énergéticienne - Perpignan",isabelle-moulin-psycho-energeticienne-pe,ayurveda,yoga_meditation,Sí
"Isaniyama yoga y terapias",isaniyama-yoga-y-terapias,yoga,yoga_meditation,Sí
"Ishvara Yoga y Terapias",ishvara-yoga-y-terapias,ayurveda,yoga_meditation,Sí
"iTRAINING - ALICANTE PAU 1 - YOGA & BARRE",itraining-alicante-pau-1-yoga-barre,ayurveda,yoga_meditation,Sí
"Izabel Yogizayurveda",izabel-yogizayurveda,ayurveda,ayurveda,No
"Janeth Solá Ayurveda y Acupuntura",janeth-sola-ayurveda-y-acupuntura,ayurveda,ayurveda,No
"Jardí de Hara",jardi-de-hara,ayurveda,yoga_meditation,Sí
"Jayna Thérapeute Ayurvedique",jayna-therapeute-ayurvedique,ayurveda,ayurveda,No
"Jorge Garcia Personal Trainer",jorge-garcia-personal-trainer,pilates,multidisciplinary,Sí
"Kalma Fisioterapia Lanzarote",kalma-fisioterapia-lanzarote,pilates,wellness,Sí
"KANIKA YOGA",kanika-yoga,yoga,yoga,No
"Katia Carini - Masaje | Ayurveda | Reiki",katia-carini-masaje-ayurveda-reiki,ayurveda,ayurveda,No
"Kika Mas Centro de Bienestar - Naturopatía y Masajes",kika-mas-centro-de-bienestar-naturopatia,ayurveda,wellness,Sí
"Kinetica Integral Health",kinetica-integral-health,pilates,wellness,Sí
"Kiovanatura",kiovanatura,yoga,yoga_meditation,Sí
"Klinos Fisioterapia- osteopathy Infant Colic",klinos-fisioterapia-osteopathy-infant-co,pilates,wellness,Sí
"Knowa Pilates Studio Tegueste",knowa-pilates-studio-tegueste,pilates,pilates,No
"KRANTI OLEA. Yoga y Bienestar",kranti-olea-yoga-y-bienestar,yoga,yoga_meditation,Sí
"Kundalini Yoga Studio",kundalini-yoga-studio,yoga,yoga,No
"Kundalini Yoga. Restaurativo. Meditación y Gong.Movimiento Sentido ( Estiramientos y Movilidad )",kundalini-yoga-restaurativo-meditacion-y,ayurveda,yoga_meditation,Sí
"L*Mental Pilates Studio",l-mental-pilates-studio,pilates,pilates,No
"La Caléndula Pilates Y Yoga",la-calendula-pilates-y-yoga,yoga,yoga_meditation,Sí
"La Carismática",la-carismatica,yoga,wellness,Sí
"La Kabilia Studios",la-kabilia-studios,yoga,yoga_meditation,Sí
"La Molineta Agua y Salud",la-molineta-agua-y-salud,pilates,yoga_meditation,Sí
"La Palma Parami",la-palma-parami,ayurveda,ayurveda,No
"La Rueda Natural",la-rueda-natural,ayurveda,wellness,Sí
"Lamiya Wellness & Social Club",lamiya-wellness-social-club,yoga,multidisciplinary,Sí
"LAOLA",laola,yoga,yoga_meditation,Sí
"Laura Álvarez Nutrición Ayurveda",laura-alvarez-nutricion-ayurveda,ayurveda,ayurveda,No
"Lazy Nursing Homes",lazy-nursing-homes,yoga,yoga_meditation,Sí
"Lemon Yoga Sevilla",lemon-yoga-sevilla,yoga,yoga,No
"Les mains de Sarah",les-mains-de-sarah,ayurveda,ayurveda,No
"Leticia Pérez Estudio de Danza y Pilates",leticia-perez-estudio-de-danza-y-pilates,pilates,pilates,No
"Liashi",liashi,yoga,yoga,No
"LIFE & SPORT",life-sport,yoga,yoga_meditation,Sí
"Lighthouse Yoga",lighthouse-yoga,yoga,yoga,No
"Living Yoga Studio",living-yoga-studio,yoga,yoga,No
"Locomotiva",locomotiva,yoga,multidisciplinary,Sí
"Lori Sjollema",lori-sjollema,ayurveda,yoga,Sí
"Loto Azul Wellness - Terapias alternativas, gravedad cero, haloterapia, danzaterapia y masajes ayurvédicos en Almería.",loto-azul-wellness-terapias-alternativas,ayurveda,ayurveda,No
"Lotus, Centro de Ayurveda Yoga y Crecimiento Personal",lotus-centro-de-ayurveda-yoga-y-crecimie,ayurveda,yoga_meditation,Sí
"LUIRÉ Studio Pilates LSG",luire-studio-pilates-lsg,pilates,pilates,No
"Luxor Madrid",luxor-madrid,ayurveda,wellness_spa,Sí
"LUZ CHURRUCA",luz-churruca,ayurveda,yoga_meditation,Sí
"M2 Centro Deportivo",m2-centro-deportivo,pilates,multidisciplinary,Sí
"Mac Fitness Andujar",mac-fitness-andujar,pilates,multidisciplinary,Sí
"Madrid City Yoga",madrid-city-yoga,yoga,yoga_meditation,Sí
"Madrid Yoga shala",madrid-yoga-shala,yoga,yoga,No
"Magdala Sport | Gimnasio y clínica en Cuenca",magdala-sport-gimnasio-y-clinica-en-cuen,pilates,multidisciplinary,Sí
"Makam Yoga y Ayurveda Zaragoza",makam-yoga-y-ayurveda-zaragoza,ayurveda,yoga_meditation,Sí
"Mamá Sana",mama-sana,yoga,yoga,No
"Mamba BFC",mamba-bfc,pilates,multidisciplinary,Sí
"Mananda Yoga & Holistic Coaching",mananda-yoga-holistic-coaching,ayurveda,yoga_meditation,Sí
"Manantia Wellness Center",manantia-wellness-center,yoga,yoga_meditation,Sí
"Mandala de Masca",mandala-de-masca,yoga,yoga_meditation,Sí
"Mandiram Escuela de Yoga Eixample",mandiram-escuela-de-yoga-eixample,yoga,yoga,No
"Mandiram Escuela de Yoga Poblenou",mandiram-escuela-de-yoga-poblenou,yoga,yoga,No
"Mangala Massage Mallorca",mangala-massage-mallorca,ayurveda,ayurveda,No
"MAR. Movimiento y Bienestar",mar-movimiento-y-bienestar,ayurveda,yoga_meditation,Sí
"Marathon Wellness Huelva | Entrenamiento sin Miedo | Salud sin Límites",marathon-wellness-huelva-entrenamiento-s,pilates,multidisciplinary,Sí
"Mare Sports Physiotherapy Center",mare-sports-physiotherapy-center,yoga,wellness,Sí
"María José Torres MASAJE AYURVEDA en el Semilla Holística",maria-jose-torres-masaje-ayurveda-en-el-,ayurveda,ayurveda,No
"María Varas Fisioterapia y Osteopatía",maria-varas-fisioterapia-y-osteopatia,pilates,wellness,Sí
"Mariana Simón Quiromasaje & Yoga",mariana-simon-quiromasaje-yoga,yoga,yoga_meditation,Sí
"Mariannick Fouyet",mariannick-fouyet,ayurveda,ayurveda,No
"Mariona Yoga Cadaqués- Clases y Eventos de Yoga en Cadaqués",mariona-yoga-cadaques-clases-y-eventos-d,yoga,yoga,No
"MARMA Centro de terapias holísticas",marma-centro-de-terapias-holisticas,ayurveda,ayurveda,No
"Masaje Mallorca - Terapias Naturales Mallorca - MENTNATURE",masaje-mallorca-terapias-naturales-mallo,ayurveda,ayurveda,No
"Masaje y Osteopatía, Kalyaana",masaje-y-osteopatia-kalyaana,ayurveda,wellness,Sí
"Masajemocional - Jonkar Gartzia",masajemocional-jonkar-gartzia,ayurveda,wellness,Sí
"Masajes Sol i LLuna",masajes-sol-i-lluna,ayurveda,ayurveda,No
"Masajes Tantra Sevilla",masajes-tantra-sevilla,ayurveda,wellness,Sí
"masajes y terapias",masajes-y-terapias,ayurveda,ayurveda,No
"Massage and holistic therapies at Isvara Gran Canaria",massage-and-holistic-therapies-at-isvara,ayurveda,ayurveda,No
"Massage Lanzarote | Lavanda Zen Massage: Equipo de masajistas profesionales en Lanzarote.",massage-lanzarote-lavanda-zen-massage-eq,yoga,wellness,Sí
"Massage Oliva - in studio or home visits | Masaje en gabinete o a domicilio",massage-oliva-in-studio-or-home-visits-m,ayurveda,wellness,Sí
"Massage_ZéPrada",massage-zeprada,pilates,wellness,Sí
"Massatges Salou Massagium",massatges-salou-massagium,ayurveda,spa,Sí
"Matrika Yoga School & Ayurveda (Método Iyengar)",matrika-yoga-school-ayurveda-metodo-iyen,ayurveda,yoga_meditation,Sí
"Matronas e Nais",matronas-e-nais,pilates,wellness,Sí
"Meissa Bienestar Osteopatía - Alcalá",meissa-bienestar-osteopatia-alcala,yoga,wellness,Sí
"Menssana Fisioterapia.",menssana-fisioterapia,pilates,wellness,Sí
"Método Pilates Integral En Mijas, Fuengirola",metodo-pilates-integral-en-mijas-fuengir,pilates,pilates,No
"Metodo Sintoniza - Masajista en Palencia",metodo-sintoniza-masajista-en-palencia,yoga,wellness,Sí
"MI PILATES MÁLAGA",mi-pilates-malaga,pilates,pilates,No
"Millennium Thai Massage",millennium-thai-massage,ayurveda,wellness_spa,Sí
"Mindfulness y Meditación Sevilla (Nacho Luque)",mindfulness-y-meditacion-sevilla-nacho-l,yoga,meditation,Sí
"Mioactiva - Fisioterapia Albacete",mioactiva-fisioterapia-albacete,pilates,wellness,Sí
"Miriam Alchemy",miriam-alchemy,ayurveda,wellness_spa,Sí
"Moksha Ayurveda Mallorca",moksha-ayurveda-mallorca,ayurveda,ayurveda,No
"Molt més que Ioga",molt-mes-que-ioga,yoga,yoga,No
"Montserrat Ordóñez. Massatge Ayurvèdic i Teràpia Marma",montserrat-ordonez-massatge-ayurvedic-i-,ayurveda,ayurveda,No
"Moon Relax Spa",moon-relax-spa,ayurveda,wellness_spa,Sí
"MQ2 Centro Integral de Fisioterapia/Osteopatía y Pilates Terapéutico con Readaptación de lesiones",mq2-centro-integral-de-fisioterapia-oste,pilates,pilates,No
"MR Pilates",mr-pilates,pilates,pilates,No
"Mui Pilates",mui-pilates,yoga,pilates,Sí
"Mundo Consciente Retiro Espiritual",mundo-consciente-retiro-espiritual,yoga,yoga_meditation,Sí
"Mysore House",mysore-house,yoga,yoga,No
"N1 Arrayanes Fitness Center",n1-arrayanes-fitness-center,yoga,wellness,Sí
"Naga Hatha Yoga",naga-hatha-yoga,yoga,yoga,No
"NALU: Mind Body Surf - Surf School & Yoga Studio El Cotillo Fuerteventura",nalu-mind-body-surf-surf-school-yoga-stu,yoga,yoga_meditation,Sí
"Namaste Yoga",namaste-yoga,ayurveda,yoga_meditation,Sí
"Namaste Yoga Bilbao",namaste-yoga-bilbao,yoga,yoga,No
"Naraya Ayurveda",naraya-ayurveda,ayurveda,ayurveda,No
"Naseem Touch",naseem-touch,ayurveda,ayurveda,No
"Natalbel | Centro de preparación al parto y ecografía emocional",natalbel-centro-de-preparacion-al-parto-,pilates,wellness,Sí
"Natalia Paola Holística",natalia-paola-holistica,ayurveda,ayurveda,No
"Natural Pilates",natural-pilates,yoga,pilates,Sí
"Nature Pilates",nature-pilates,pilates,pilates,No
"Naturopathie & Massages_Rébecca Morael",naturopathie-massages-rebecca-morael,ayurveda,ayurveda,No
"Nawwara",nawwara,yoga,yoga_meditation,Sí
"New Concept Tarifa",new-concept-tarifa,yoga,multidisciplinary,Sí
"NexsportClub Adeje.",nexsportclub-adeje,yoga,wellness,Sí
"Nirvana Beach Gym",nirvana-beach-gym,yoga,multidisciplinary,Sí
"Numantium Estudio",numantium-estudio,yoga,wellness,Sí
"Numen Yoga Estudio",numen-yoga-estudio,yoga,yoga,No
"Nurayani Therapy",nurayani-therapy,ayurveda,ayurveda,No
"O Carboeiro Yoga",o-carboeiro-yoga,ayurveda,yoga,Sí
"Ocean Fitness Cala Rajada",ocean-fitness-cala-rajada,yoga,multidisciplinary,Sí
"Ocean yoga Studio",ocean-yoga-studio,ayurveda,yoga_meditation,Sí
"Ocio y Deporte",ocio-y-deporte,pilates,multidisciplinary,Sí
"OKEYMAS Andújar",okeymas-andujar,yoga,multidisciplinary,Sí
"OKEYMAS Fitness Club",okeymas-fitness-club,pilates,multidisciplinary,Sí
"Oltar Wellness Center | Osteopatía y Pilates",oltar-wellness-center-osteopatia-y-pilat,yoga,pilates,Sí
"Olympic Fitness Zone",olympic-fitness-zone,pilates,multidisciplinary,Sí
"Omya Terapias",omya-terapias,yoga,yoga_meditation,Sí
"One Day Retreat Ibiza",one-day-retreat-ibiza,yoga,yoga_meditation,Sí
"ORIGEN Bienestar Integral | Yoga & Wellness Studio",origen-bienestar-integral-yoga-wellness-,ayurveda,yoga_meditation,Sí
"ORIGEN WORKOUT",origen-workout,yoga,wellness,Sí
"Origin Flow - Massatges Roses - Coach nutricional i esportiu",origin-flow-massatges-roses-coach-nutric,ayurveda,wellness,Sí
"Oryzae Nutrición & Naturopatía",oryzae-nutricion-naturopatia,ayurveda,wellness,Sí
"Oxigeno Sport & Wellness",oxigeno-sport-wellness,pilates,wellness,Sí
"Pabellón polideportivo de Nigrán",pabellon-polideportivo-de-nigran,yoga,multidisciplinary,Sí
"Padmasana - Terapias Naturales y yoga",padmasana-terapias-naturales-y-yoga,yoga,yoga,No
"Paisible Evasion",paisible-evasion,ayurveda,ayurveda,No
"Palasiet Wellness Clinic & Thalasso",palasiet-wellness-clinic-thalasso,ayurveda,wellness_spa,Sí
"Palladium Academy",palladium-academy,pilates,yoga_meditation,Sí
"PaolaVidāsana Yoga & Ayurveda",paolavidasana-yoga-ayurveda,ayurveda,yoga_meditation,Sí
"Pavelló Poliesportiu de Vinaròs",pavello-poliesportiu-de-vinaros,yoga,multidisciplinary,Sí
"Pazo dos Deportes Paco Paz",pazo-dos-deportes-paco-paz,yoga,multidisciplinary,Sí
"Personal & Pilates",personal-pilates,pilates,pilates,No
"Physio & Pilates EKO",physio-pilates-eko,pilates,pilates,No
"Physiotherapy Center Biosalud S L",physiotherapy-center-biosalud-s-l,pilates,multidisciplinary,Sí
"Physiotherapy Ruth Mancebo",physiotherapy-ruth-mancebo,pilates,multidisciplinary,Sí
"Physiumibz",physiumibz,pilates,wellness,Sí
"Pilates & Yoga Pura Vida",pilates-yoga-pura-vida,yoga,yoga_meditation,Sí
"Pilates Águilas Emmaluna",pilates-aguilas-emmaluna,yoga,yoga_meditation,Sí
"PILATES Center Vicky Timón",pilates-center-vicky-timon,pilates,pilates,No
"Pilates Curíe",pilates-curie,pilates,pilates,No
"Pilates enunIMPULSO",pilates-enunimpulso,pilates,pilates,No
"Pilates Experience",pilates-experience,pilates,pilates,No
"Pilates Femenino Bilbao",pilates-femenino-bilbao,pilates,pilates,No
"Pilates Funcional Manuela",pilates-funcional-manuela,pilates,pilates,No
"Pilates Funcional María Jiménez",pilates-funcional-maria-jimenez,yoga,pilates,Sí
"PILATES GRANADA XTENSALL",pilates-granada-xtensall,pilates,pilates,No
"Pilates Huelva",pilates-huelva,yoga,pilates,Sí
"Pilates Malaga Center",pilates-malaga-center,pilates,pilates,No
"Pilates Málaga Xtensall Studio",pilates-malaga-xtensall-studio,pilates,pilates,No
"Pilates Nacho Arroyo",pilates-nacho-arroyo,pilates,pilates,No
"PILATES PATERNA Veronika Kovacs",pilates-paterna-veronika-kovacs,pilates,pilates,No
"Pilates Peñarrubia Murcia ✅",pilates-penarrubia-murcia,pilates,pilates,No
"Pilates Plus by Silvia Guidi de Knappe",pilates-plus-by-silvia-guidi-de-knappe,pilates,pilates,No
"Pilates Quinta Avenida Oviedo",pilates-quinta-avenida-oviedo,yoga,pilates,Sí
"Pilates Reformer Romina Speranza",pilates-reformer-romina-speranza,pilates,pilates,No
"Pilates Soul",pilates-soul,pilates,pilates,No
"Pilates Studio",pilates-studio,pilates,pilates,No
"Pilates TF",pilates-tf,yoga,pilates,Sí
"PILATES VALDEMORO",pilates-valdemoro,pilates,pilates,No
"Pilates y Funcional Bahia",pilates-y-funcional-bahia,pilates,pilates,No
"Pilates y tú",pilates-y-tu,yoga,pilates,Sí
"PILATES Y YOGA CUIDATE",pilates-y-yoga-cuidate,yoga,yoga_meditation,Sí
"Pilates y Yoga Living Room S.L",pilates-y-yoga-living-room-s-l,pilates,yoga_meditation,Sí
"Pinar Pilates",pinar-pilates,pilates,pilates,No
"Piscina Municipal",piscina-municipal,yoga,multidisciplinary,Sí
"PlenaForma | Entrenador personal en Córdoba",plenaforma-entrenador-personal-en-cordob,yoga,wellness,Sí
"Polideportivo de Barbadás",polideportivo-de-barbadas,yoga,multidisciplinary,Sí
"Polideportivo la Granadilla",polideportivo-la-granadilla,yoga,multidisciplinary,Sí
"Polideportivo Municipal La Palma del Condado",polideportivo-municipal-la-palma-del-con,yoga,multidisciplinary,Sí
"Por Amor al Yoga",por-amor-al-yoga,yoga,yoga,No
"Postural Clínica de Fisioterapia y Pilates",postural-clinica-de-fisioterapia-y-pilat,yoga,pilates,Sí
"PRANA YOGA Y MASAJE",prana-yoga-y-masaje,ayurveda,yoga_meditation,Sí
"Psiquiko HIIT & Ride",psiquiko-hiit-ride,pilates,multidisciplinary,Sí
"Puerto Cabero",puerto-cabero,yoga,yoga_meditation,Sí
"Pulsaciones Gym Aguilar de Campoo",pulsaciones-gym-aguilar-de-campoo,pilates,multidisciplinary,Sí
"Punt D' Esport",punt-d-esport,yoga,yoga_meditation,Sí
"Pure Yoga Canarias",pure-yoga-canarias,ayurveda,yoga,Sí
"Qactiva",qactiva,yoga,wellness,Sí
"Qi en Movimiento",qi-en-movimiento,yoga,yoga_meditation,Sí
"Qualia Centre Wellness",qualia-centre-wellness,ayurveda,wellness,Sí
"QUALIFE LA MANGA | Entrenamiento y Pilates Máquina en La Manga",qualife-la-manga-entrenamiento-y-pilates,yoga,multidisciplinary,Sí
"Quiere T Sport",quiere-t-sport,ayurveda,yoga_meditation,Sí
"Quirochema | masaje - masajista - thai massage - quiromasajista - relajante - tailandés - centro holístico en malaga",quirochema-masaje-masajista-thai-massage,ayurveda,wellness,Sí
"Quiroesencia",quiroesencia,ayurveda,ayurveda,No
"Quirokinesis Tenerife | Dr.Joaquín Gnoffo",quirokinesis-tenerife-dr-joaquin-gnoffo,yoga,wellness,Sí
"Radical Personalized Training",radical-personalized-training,yoga,yoga_meditation,Sí
"Raíz yoga studio",raiz-yoga-studio,yoga,yoga,No
"Raja Yoga Madrid",raja-yoga-madrid,yoga,yoga,No
"RAK SAENG - Escuela y Centro de Masaje Tailandés en Madrid",rak-saeng-escuela-y-centro-de-masaje-tai,ayurveda,ayurveda,No
"Rapa Nui Surfcamp & Surfschule Fuerteventura",rapa-nui-surfcamp-surfschule-fuerteventu,yoga,wellness,Sí
"RASAYANA LONGEVIDAD",rasayana-longevidad,ayurveda,ayurveda,No
"RAW YOGA STUDIO Vigo",raw-yoga-studio-vigo,yoga,yoga,No
"ReAlign International YOGA School",realign-international-yoga-school,yoga,yoga,No
"Reka Yoga Centro Integral",reka-yoga-centro-integral,yoga,yoga,No
"relax & nature fuerteventura",relax-nature-fuerteventura,ayurveda,wellness_spa,Sí
"Relaxa't Reus",relaxa-t-reus,ayurveda,ayurveda,No
"Renacer pilates reformer",renacer-pilates-reformer,yoga,pilates,Sí
"Respira yoga sevilla",respira-yoga-sevilla,yoga,yoga,No
"RESPIRA-Breathwork Belén Catalina",respira-breathwork-belen-catalina,yoga,yoga_meditation,Sí
"RETIROS DE BIENESTAR & MINDFULNESS EVOLUCION CENTER",retiros-de-bienestar-mindfulness-evoluci,yoga,yoga_meditation,Sí
"Retiros de yoga Taotrips",retiros-de-yoga-taotrips,yoga,yoga,No
"Retiros del Búho. Asociación el Alma del Búho",retiros-del-buho-asociacion-el-alma-del-,yoga,yoga_meditation,Sí
"Retiros yoga te transforma",retiros-yoga-te-transforma,yoga,yoga_meditation,Sí
"Ro-Ki Massages Valencia",ro-ki-massages-valencia,ayurveda,ayurveda,No
"Rocío Luque Yoga",rocio-luque-yoga,yoga,yoga,No
"Royal Lleida",royal-lleida,yoga,multidisciplinary,Sí
"Royal Thai Massage Center",royal-thai-massage-center,ayurveda,wellness,Sí
"RST Personal Fitness Elda, Gimnasio · Entrenador personal | Pilates en Elda",rst-personal-fitness-elda-gimnasio-entre,yoga,multidisciplinary,Sí
"Runachay Center",runachay-center,ayurveda,ayurveda,No
"RUSFIT SPORTCENTER",rusfit-sportcenter,pilates,multidisciplinary,Sí
"S2Fitness Sports Center",s2fitness-sports-center,pilates,multidisciplinary,Sí
"SADHANA Yoga Shri Vivek & Massatge Ayurveda",sadhana-yoga-shri-vivek-massatge-ayurved,ayurveda,yoga_meditation,Sí
"Sakura",sakura,yoga,wellness,Sí
"Sakura Vera",sakura-vera,yoga,yoga_meditation,Sí
"Salud Natural Herbolario",salud-natural-herbolario,ayurveda,wellness,Sí
"Salud Natural Leganés S.L.U",salud-natural-leganes-s-l-u,ayurveda,ayurveda,No
"Salud Sport Fisioterapia y Entrenador Personal",salud-sport-fisioterapia-y-entrenador-pe,yoga,wellness,Sí
"Salutalia - Centro Holístico y Welness",salutalia-centro-holistico-y-welness,yoga,yoga_meditation,Sí
"Samaveda; Ayurveda, Masajes, Alimentación, Yoga",samaveda-ayurveda-masajes-alimentacion-y,ayurveda,ayurveda,No
"Sandaili Plantas Medicinales-Terapias Naturales",sandaili-plantas-medicinales-terapias-na,ayurveda,ayurveda,No
"SANO Adra - Entrenamiento Personal y Grupos Reducidos",sano-adra-entrenamiento-personal-y-grupo,pilates,multidisciplinary,Sí
"SANO Antequera Albarizas - Entrenamiento Personal y Grupos Reducidos",sano-antequera-albarizas-entrenamiento-p,pilates,multidisciplinary,Sí
"SANO Berja - Entrenamiento Personal y Grupos Reducidos",sano-berja-entrenamiento-personal-y-grup,pilates,multidisciplinary,Sí
"SANO Burgos - Entrenamiento Personal y Grupos Reducidos",sano-burgos-entrenamiento-personal-y-gru,pilates,multidisciplinary,Sí
"Sano Úbeda",sano-ubeda,yoga,yoga_meditation,Sí
"Sant Pau Centre Terapèutic",sant-pau-centre-terapeutic,ayurveda,ayurveda,No
"Santosha Centro de Yoga",santosha-centro-de-yoga,yoga,yoga,No
"Sanus Mujer",sanus-mujer,pilates,yoga_meditation,Sí
"SasiThai Thai Massage Madrid",sasithai-thai-massage-madrid,ayurveda,wellness_spa,Sí
"School3s Surf School Lanzarote",school3s-surf-school-lanzarote,yoga,wellness,Sí
"SCV wiva lab",scv-wiva-lab,pilates,yoga_meditation,Sí
"Sergiolistico",sergiolistico,ayurveda,ayurveda,No
"Seven Seas",seven-seas,ayurveda,yoga,Sí
"Shakti YOGA",shakti-yoga,ayurveda,yoga_meditation,Sí
"Shama Yoga Studio",shama-yoga-studio,ayurveda,yoga_meditation,Sí
"SHAMATHA CENTRO HOLÍSTICO",shamatha-centro-holistico,ayurveda,yoga_meditation,Sí
"Shantala Ayurveda Bilbao",shantala-ayurveda-bilbao,ayurveda,ayurveda,No
"Shanti Masajes Tenerife",shanti-masajes-tenerife,ayurveda,ayurveda,No
"SHARMA - Escuela Yoga y Pilates",sharma-escuela-yoga-y-pilates,yoga,yoga_meditation,Sí
"Shiva center Torrox",shiva-center-torrox,ayurveda,yoga_meditation,Sí
"Shivaratri Yoga",shivaratri-yoga,yoga,yoga,No
"Shock Fitness Center",shock-fitness-center,yoga,multidisciplinary,Sí
"Siente Ayurveda",siente-ayurveda,ayurveda,ayurveda,No
"Siente Yoga",siente-yoga,yoga,yoga,No
"Silentia Spa & Wellness",silentia-spa-wellness,ayurveda,wellness_spa,Sí
"Sincronia Yoga | Gràcia Barcelona",sincronia-yoga-gracia-barcelona,yoga,yoga,No
"SINGULAR Home of Pilates",singular-home-of-pilates,pilates,pilates,No
"Slow House sa mayma | Nature, Relax & Yoga",slow-house-sa-mayma-nature-relax-yoga,yoga,yoga_meditation,Sí
"Soccer Indoor",soccer-indoor,yoga,yoga_meditation,Sí
"Sol Viegas Iyengar Yoga & Massage",sol-viegas-iyengar-yoga-massage,yoga,yoga,No
"Sonia Casado Escuela de Yoga",sonia-casado-escuela-de-yoga,yoga,yoga,No
"Sonia Franco Terapia manual . Quiromasaje, Osteopatía, Masaje ayurveda, Aromaterapia.",sonia-franco-terapia-manual-quiromasaje-,ayurveda,ayurveda,No
"Spa Centro de Vinoterapia BeautyFORYOU - Tenerife",spa-centro-de-vinoterapia-beautyforyou-t,ayurveda,wellness_spa,Sí
"SPA Sensations Iberostar Heritage Grand Mencey",spa-sensations-iberostar-heritage-grand-,ayurveda,wellness_spa,Sí
"Spa urbano Serenità",spa-urbano-serenita,ayurveda,wellness_spa,Sí
"Specialty Center Sports Javier Bermejo Merino",specialty-center-sports-javier-bermejo-m,pilates,multidisciplinary,Sí
"Spirit Yoga",spirit-yoga,yoga,yoga,No
"Spiritual Veda Masajes & Tratamientos Ayurveda",spiritual-veda-masajes-tratamientos-ayur,ayurveda,ayurveda,No
"Sport Studio Gym",sport-studio-gym,yoga,yoga_meditation,Sí
"Sportland Gimnasio & Balneario Urbano",sportland-gimnasio-balneario-urbano,pilates,multidisciplinary,Sí
"Sports Complex Prado Real",sports-complex-prado-real,yoga,multidisciplinary,Sí
"Star Fit Pilates Ibiza",star-fit-pilates-ibiza,yoga,pilates,Sí
"STUDIO DE PILATES MIREYA IRURZUN",studio-de-pilates-mireya-irurzun,yoga,pilates,Sí
"STUDIO PILATES Anabel Manjón",studio-pilates-anabel-manjon,yoga,pilates,Sí
"Studio Pilates Body&Mind y PEQUESPA",studio-pilates-body-mind-y-pequespa,yoga,pilates,Sí
"Studio Pilates Majadahonda",studio-pilates-majadahonda,pilates,pilates,No
"Studio Pilates Natalia",studio-pilates-natalia,yoga,pilates,Sí
"Sukha Masajes",sukha-masajes,ayurveda,ayurveda,No
"SUP FIT YOGA – Paddle Surf, SUP Yoga y Retiros de Yoga en Gran Canaria",sup-fit-yoga-paddle-surf-sup-yoga-y-reti,yoga,yoga_meditation,Sí
"Surf & Yoga Retreats Fuerteventura",surf-yoga-retreats-fuerteventura,yoga,yoga_meditation,Sí
"SURYA BIKEPACKING",surya-bikepacking,yoga,yoga_meditation,Sí
"Surya Yoga",surya-yoga,yoga,yoga,No
"Surya Yoga&Masaje Tenerife",surya-yoga-masaje-tenerife,ayurveda,yoga_meditation,Sí
"SYNERGIE PILATES STUDIO DONOSTIA 🌱",synergie-pilates-studio-donostia,pilates,pilates,No
"Synergym",synergym-3,pilates,wellness,Sí
"Synergym",synergym,pilates,multidisciplinary,Sí
"Synergym",synergym-2,pilates,yoga_meditation,Sí
"Synergym",synergym-1,pilates,wellness,Sí
"Synergym Albacete La Tamos",synergym-albacete-la-tamos,pilates,multidisciplinary,Sí
"Synergym Albacete Universidad",synergym-albacete-universidad,pilates,multidisciplinary,Sí
"Synergym Algeciras",synergym-algeciras,pilates,multidisciplinary,Sí
"Synergym Almería Los Molinos",synergym-almeria-los-molinos,pilates,wellness,Sí
"Synergym Almería Vega de Acá",synergym-almeria-vega-de-aca,pilates,yoga_meditation,Sí
"Synergym Ciudad Real Quijote",synergym-ciudad-real-quijote,pilates,multidisciplinary,Sí
"Synergym Guadalajara La Llanilla",synergym-guadalajara-la-llanilla,yoga,multidisciplinary,Sí
"Synergym Guadalajara Las Cañas",synergym-guadalajara-las-canas,pilates,yoga_meditation,Sí
"Synergym Jaén",synergym-jaen,pilates,multidisciplinary,Sí
"Synergym Lleida Castells",synergym-lleida-castells,yoga,wellness,Sí
"Synergym Lleida Clot",synergym-lleida-clot,pilates,multidisciplinary,Sí
"Synergym Logroño Las Gaunas",synergym-logrono-las-gaunas,pilates,multidisciplinary,Sí
"Synergym Logroño Ribera",synergym-logrono-ribera,pilates,multidisciplinary,Sí
"Synergym Lugo Piringalla",synergym-lugo-piringalla,pilates,multidisciplinary,Sí
"Synergym Miranda de Ebro",synergym-miranda-de-ebro,pilates,multidisciplinary,Sí
"Synergym Motril Sur",synergym-motril-sur,pilates,multidisciplinary,Sí
"Synergym Oviedo San Miguel",synergym-oviedo-san-miguel,pilates,multidisciplinary,Sí
"Synergym Plasencia",synergym-plasencia,pilates,yoga_meditation,Sí
"Synergym Ponferrada la Rosaleda",synergym-ponferrada-la-rosaleda,pilates,multidisciplinary,Sí
"Synergym Reus Carrillet",synergym-reus-carrillet,pilates,multidisciplinary,Sí
"Synergym San Fernando Centro",synergym-san-fernando-centro,pilates,multidisciplinary,Sí
"Synergym Toledo Buenavista",synergym-toledo-buenavista,yoga,multidisciplinary,Sí
"Synergym Villava",synergym-villava,pilates,multidisciplinary,Sí
"Synergym Vitoria Borinbizkarra",synergym-vitoria-borinbizkarra,pilates,yoga_meditation,Sí
"Synergym Vitoria Zaramaga",synergym-vitoria-zaramaga,pilates,multidisciplinary,Sí
"Synergym Zamora University",synergym-zamora-university,pilates,multidisciplinary,Sí
"Tafallako Igerilekuak",tafallako-igerilekuak,yoga,yoga_meditation,Sí
"TAIBAI Medicina Tradicional China",taibai-medicina-tradicional-china,ayurveda,ayurveda,No
"Tam Studio Yoga y Pilates- Fuerteventura",tam-studio-yoga-y-pilates-fuerteventura,yoga,yoga_meditation,Sí
"Tantric Massage - Tantra Tenerife - Masaje tantrico",tantric-massage-tantra-tenerife-masaje-t,ayurveda,ayurveda,No
"TAPOVAN AYURVEDA Masajes y Reflexología Podal",tapovan-ayurveda-masajes-y-reflexologia-,ayurveda,ayurveda,No
"Tara Harmonia – Centre de benestar",tara-harmonia-centre-de-benestar,ayurveda,wellness_spa,Sí
"Tatami Spirit",tatami-spirit,yoga,yoga,No
"Taube pilates Biar",taube-pilates-biar,yoga,pilates,Sí
"Templo Gym",templo-gym,yoga,multidisciplinary,Sí
"Templo Pilates Miriam",templo-pilates-miriam,yoga,pilates,Sí
"Tenerfisio",tenerfisio,yoga,wellness,Sí
"Tenerife Top Training - Elite Performance Center",tenerife-top-training-elite-performance-,pilates,multidisciplinary,Sí
"Terapias Naturales El Ojo de Horus",terapias-naturales-el-ojo-de-horus,yoga,yoga_meditation,Sí
"Thalassa Pilates Studio",thalassa-pilates-studio,pilates,pilates,No
"The Club Fitness & Pilates Experience",the-club-fitness-pilates-experience,yoga,pilates,Sí
"The Garden Madrid | Yoga Barrio Salamanca",the-garden-madrid-yoga-barrio-salamanca,yoga,yoga_meditation,Sí
"THE RITUAL- Clinica de Acupuntura y Ayurveda",the-ritual-clinica-de-acupuntura-y-ayurv,ayurveda,ayurveda,No
"The Wellbeing art Ibiza - Medicina Tradicional China/ Acupuntura/Masaje",the-wellbeing-art-ibiza-medicina-tradici,ayurveda,ayurveda,No
"The Yoger - Yoga Salamanca",the-yoger-yoga-salamanca,yoga,yoga,No
"Tierra Indigo Eleva Tu Energia",tierra-indigo-eleva-tu-energia,ayurveda,wellness_spa,Sí
"Tilom Patel 🏳️‍🌈",tilom-patel,yoga,yoga_meditation,Sí
"Toni Pilates",toni-pilates,yoga,pilates,Sí
"Tony Sport gym",tony-sport-gym,yoga,multidisciplinary,Sí
"Top Health La Victoria | Gimnasio en el centro Córdoba",top-health-la-victoria-gimnasio-en-el-ce,yoga,multidisciplinary,Sí
"Trèvol",trevol,yoga,multidisciplinary,Sí
"TrueAtalaya",trueatalaya,ayurveda,ayurveda,No
"TUSHALA Yoga Studio",tushala-yoga-studio,yoga,yoga,No
"TuYoga.es",tuyoga-es,yoga,yoga_meditation,Sí
"Uma Yoga Studio",uma-yoga-studio,yoga,yoga,No
"Unalome Sopela Yoga",unalome-sopela-yoga,yoga,yoga_meditation,Sí
"Unmani Yoga",unmani-yoga,ayurveda,yoga_meditation,Sí
"Ura Masajes y Técnicas Holísticas",ura-masajes-y-tecnicas-holisticas,ayurveda,ayurveda,No
"Urban Gym",urban-gym,pilates,multidisciplinary,Sí
"Urban Yoga Studio",urban-yoga-studio,yoga,yoga,No
"Urvashi Yoga Estudio",urvashi-yoga-estudio,yoga,yoga,No
"VALSAM fisioterapia",valsam-fisioterapia,pilates,yoga_meditation,Sí
"Vector Fitness",vector-fitness,yoga,multidisciplinary,Sí
"VedaNatura",vedanatura,ayurveda,ayurveda,No
"Vedic healings (Ayurveda, Panchakarma & Tantra)",vedic-healings-ayurveda-panchakarma-tant,ayurveda,ayurveda,No
"Victoria Jourdan Massages",victoria-jourdan-massages,ayurveda,ayurveda,No
"Victoria Sport Club & Spa",victoria-sport-club-spa,yoga,wellness_spa,Sí
"Vida Ayurveda",vida-ayurveda,ayurveda,ayurveda,No
"Vida Nova Pilates & Fitness",vida-nova-pilates-fitness,yoga,multidisciplinary,Sí
"Vidha Hot Yoga",vidha-hot-yoga,yoga,yoga_meditation,Sí
"Villa del Prado PHYSICAL THERAPY AND SCIENTIFIC OSTEOPATHY",villa-del-prado-physical-therapy-and-sci,pilates,wellness,Sí
"VIP GYM IBIZA",vip-gym-ibiza,pilates,multidisciplinary,Sí
"Vital Fitness",vital-fitness,yoga,wellness,Sí
"VITALIS Deporte y Salud Mérida",vitalis-deporte-y-salud-merida,pilates,multidisciplinary,Sí
"VIVE - Fisioterapia Avanzada",vive-fisioterapia-avanzada,pilates,wellness,Sí
"Vive Yoga",vive-yoga,yoga,yoga,No
"Volumen x Fitness Center",volumen-x-fitness-center,pilates,multidisciplinary,Sí
"W Up",w-up,pilates,multidisciplinary,Sí
"Wellnes Avenida",wellnes-avenida,ayurveda,wellness,Sí
"Wellness Experience Andorra",wellness-experience-andorra,yoga,wellness,Sí
"WELLNESS MASSAGE MALLORCA | Villa & Yacht Service | only inhouse service",wellness-massage-mallorca-villa-yacht-se,ayurveda,wellness,Sí
"Wellness Project Pilates 1",wellness-project-pilates-1,yoga,pilates,Sí
"Wimbi Adventures - SUP Yoga, Paddle Surf & Snorkel en Cabo de Palos",wimbi-adventures-sup-yoga-paddle-surf-sn,yoga,yoga,No
"WIN Complex Esportiu Tortosa",win-complex-esportiu-tortosa,yoga,multidisciplinary,Sí
"Wings Of Wellness Yoga",wings-of-wellness-yoga,ayurveda,yoga_meditation,Sí
"Xano Pilates & Yoga",xano-pilates-yoga,pilates,yoga_meditation,Sí
"XIMNASIO BREOGÁN, C.B.",ximnasio-breogan-c-b,yoga,multidisciplinary,Sí
"Ximnasio Neka",ximnasio-neka,yoga,multidisciplinary,Sí
"Xperience Arena",xperience-arena,yoga,multidisciplinary,Sí
"Xtensallconil",xtensallconil,yoga,pilates,Sí
"XtremeGym La Cañada",xtremegym-la-canada,yoga,multidisciplinary,Sí
"Ya! Yoga & Lifestyle",ya-yoga-lifestyle,yoga,yoga_meditation,Sí
"Yantra Yoga & Wellness Center",yantra-yoga-wellness-center,ayurveda,yoga_meditation,Sí
"YEC Pilates León",yec-pilates-leon,yoga,pilates,Sí
"Yo Me Cuido",yo-me-cuido,ayurveda,wellness,Sí
"YO. Salud Estética",yo-salud-estetica,ayurveda,wellness,Sí
"Yofluyo Centro",yofluyo-centro,yoga,yoga_meditation,Sí
"Yoga & Ayurvéda Biarritz",yoga-ayurveda-biarritz,ayurveda,yoga_meditation,Sí
"YOGA 108",yoga-108,yoga,yoga_meditation,Sí
"Yoga Aéreo Malaga - Yogāsana Estudio",yoga-aereo-malaga-yogasana-estudio,yoga,yoga,No
"Yoga Alliance School Maspalomas",yoga-alliance-school-maspalomas,yoga,yoga,No
"Yoga Ángel Crespo",yoga-angel-crespo,yoga,yoga,No
"Yoga Beckles",yoga-beckles,yoga,yoga,No
"YOGA BY THE SEA BARCELONA",yoga-by-the-sea-barcelona,yoga,yoga,No
"Yoga Canarias - Clases en Icod de los Vinos & Masajes en Garachico",yoga-canarias-clases-en-icod-de-los-vino,yoga,yoga,No
"Yoga center in Pinto",yoga-center-in-pinto,yoga,yoga,No
"Yoga Centre Flow",yoga-centre-flow,yoga,yoga,No
"Yoga del Mar",yoga-del-mar,ayurveda,yoga_meditation,Sí
"YOGA Dhana Escola de Ioga",yoga-dhana-escola-de-ioga,yoga,yoga,No
"Yoga Eco Health • Inoah",yoga-eco-health-inoah,yoga,yoga_meditation,Sí
"Yoga Ecuanime",yoga-ecuanime,yoga,yoga,No
"YOGA EN ALMENDRALEJO LA SALITA DE YOGA - MARISA ALVAREZ",yoga-en-almendralejo-la-salita-de-yoga-m,ayurveda,yoga_meditation,Sí
"YOGA EN BOADILLA I YOGA ASHRAM",yoga-en-boadilla-i-yoga-ashram,ayurveda,yoga,Sí
"Yoga en Ibiza",yoga-en-ibiza,yoga,yoga,No
"Yoga en Móstoles - Respira Yoga",yoga-en-mostoles-respira-yoga,yoga,yoga_meditation,Sí
"Yoga Estudio Sirsásana",yoga-estudio-sirsasana,ayurveda,yoga_meditation,Sí
"Yoga for Balance",yoga-for-balance,yoga,yoga,No
"Yoga Ganesha Salamanca",yoga-ganesha-salamanca,yoga,yoga,No
"Yoga Home Madrid",yoga-home-madrid,yoga,yoga_meditation,Sí
"Yoga Lanzarote and Ayurvedic Massage",yoga-lanzarote-and-ayurvedic-massage,ayurveda,yoga_meditation,Sí
"Yoga Logroño: ESCUELA ANANDA",yoga-logrono-escuela-ananda,yoga,yoga,No
"Yoga Natur | Retiros, Yoga y Montaña",yoga-natur-retiros-yoga-y-montana,yoga,yoga_meditation,Sí
"Yoga One Pacifico",yoga-one-pacifico,yoga,yoga,No
"Yoga Real",yoga-real,ayurveda,yoga_meditation,Sí
"Yoga Shala Donostia",yoga-shala-donostia,yoga,yoga,No
"Yoga Terrassa",yoga-terrassa,yoga,yoga,No
"Yoga Unlimited",yoga-unlimited,yoga,yoga,No
"Yoga Weeks",yoga-weeks,yoga,yoga,No
"Yoga with Joy : Yoga & Masajes",yoga-with-joy-yoga-masajes,ayurveda,yoga_meditation,Sí
"Yoga y Mindfulness Zaragoza",yoga-y-mindfulness-zaragoza,yoga,yoga_meditation,Sí
"Yoga y Terapias Holísticas. Bodhicitta",yoga-y-terapias-holisticas-bodhicitta,ayurveda,yoga_meditation,Sí
"Yoga, Meditation and Life coaching in Maspalomas",yoga-meditation-and-life-coaching-in-mas,yoga,yoga_meditation,Sí
"YogaConecta",yogaconecta,ayurveda,yoga_meditation,Sí
"YOGAOMMM",yogaommm,yoga,yoga,No
"YogaOne El Perchel",yogaone-el-perchel,yoga,yoga,No
"YogaSalud",yogasalud,yoga,yoga,No
"YogaSenzia - Fuengirola - Centro de Yoga - Pilates y Bienestar Interior.",yogasenzia-fuengirola-centro-de-yoga-pil,yoga,yoga_meditation,Sí
"Yogayo",yogayo,yoga,yoga,No
"Yoqui Yemayá Yoga Aeroyoga Desarrollo",yoqui-yemaya-yoga-aeroyoga-desarrollo,yoga,yoga,No
"YOSOYOGA",yosoyoga,yoga,yoga,No
"yuj es yoga",yuj-es-yoga,ayurveda,yoga_meditation,Sí
"Zarza",zarza,ayurveda,ayurveda,No
"ZEN - Centro de Terapias Naturales, Yoga y Meditación",zen-centro-de-terapias-naturales-yoga-y-,yoga,yoga_meditation,Sí
"Zen massage Armonia",zen-massage-armonia,ayurveda,wellness_spa,Sí
"Zensports Massage & Bodywork",zensports-massage-bodywork,yoga,wellness,Sí
"Zentro Urban Yoga Retiro",zentro-urban-yoga-retiro,yoga,yoga,No
"Zero | Entrenamiento y Fisioterapia",zero-entrenamiento-y-fisioterapia,pilates,multidisciplinary,Sí
"Zona Fitness Lleida",zona-fitness-lleida,yoga,multidisciplinary,Sí