Nombre,Slug,Estado,Tipo_actual,Tipo_propuesto,Cambia
"| Clínica Fisioterapia y suelo pélvico Salamanca | Julia Rodríguez",clinica-fisioterapia-y-suelo-pelvico-sal,active,yoga,yoga,No
"22Nexus Pilates",22nexus-pilates,active,yoga,yoga,No
"23.FIT",23-fit,active,yoga,yoga,No
"3Ventur",3ventur,active,yoga,yoga,No
"4Health - Personal Training Studio",4health-personal-training-studio,active,yoga,yoga,No
"88 Sports Leisure Center Towers",88-sports-leisure-center-towers,active,yoga,yoga,No
"AB Yoga Center By Alícia Beltrán - Centre de Ioga a Barcelona",ab-yoga-center-by-alicia-beltran-centre-,active,yoga,yoga,No
"Abbyveda Massages ô féminin",abbyveda-massages-o-feminin,active,ayurveda,ayurveda,No
"Acfitness Gym (Noia)",acfitness-gym-noia,active,yoga,yoga,No
"Acroyoga y Yoga Barcelona",acroyoga-y-yoga-barcelona,active,yoga,yoga,No
"Activa Pilates Moralzarzal",activa-pilates-moralzarzal,active,yoga,yoga,No
"Activaclub Almería",activaclub-almeria,active,yoga,yoga,No
"activaT center",activat-center,active,yoga,yoga,No
"Activate Sports Club",activate-sports-club,active,yoga,yoga,No
"ActualFit 24 🏋🏻‍♂️",actualfit-24,active,yoga,yoga,No
"Afitnity Training Box",afitnity-training-box,active,yoga,yoga,No
"Agalar",agalar,active,yoga,yoga,No
"Ágape Yoga Málaga",agape-yoga-malaga,active,yoga,yoga,No
"Agâra Yoga - Lugo",agara-yoga-lugo,active,yoga,yoga,No
"Agoyoga Ibiza",agoyoga-ibiza,active,yoga,yoga,No
"ahimsa YOGA",ahimsa-yoga,active,yoga,yoga,No
"Ahimsa Yoga y Sonido",ahimsa-yoga-y-sonido,active,yoga,yoga,No
"Aiyayurveda International Association of yoga and ayurveda",aiyayurveda-international-association-of,active,yoga,ayurveda,Sí
"Akasha - Casa de Sanación y Ayurveda Savitri OM",akasha-casa-de-sanacion-y-ayurveda-savit,active,ayurveda,ayurveda,No
"Akasha Yoga Pilates Alcalá",akasha-yoga-pilates-alcala,active,yoga,yoga,No
"Aktivs Yoga Tenerife",aktivs-yoga-tenerife,active,yoga,yoga,No
"Alba Flores Saranam-Refugio del Alma",alba-flores-saranam-refugio-del-alma,active,ayurveda,ayurveda,No
"Alea Fisioterapia Deportiva y Suelo Pélvico Guadalajara.",alea-fisioterapia-deportiva-y-suelo-pelv,active,yoga,yoga,No
"Alice MASSAGE & YOGA - BAYONNE",alice-massage-yoga-bayonne,active,yoga,yoga,No
"Almagrit Baños Árabes| Almagro.",almagrit-banos-arabes-almagro,active,yoga,yoga,No
"Amantes del Yoga",amantes-del-yoga,active,yoga,yoga,No
"Ametlla Diving",ametlla-diving,active,yoga,yoga,No
"Anahata Centro de Yoga y Bienestar y Gong",anahata-centro-de-yoga-y-bienestar-y-gon,active,yoga,yoga,No
"ANANDA Centre de Soins Ayurvédiques",ananda-centre-de-soins-ayurvediques,active,ayurveda,ayurveda,No
"Ananda Ioga",ananda-ioga,active,yoga,yoga,No
"Ananta Ayurveda",ananta-ayurveda,active,ayurveda,ayurveda,No
"ANDRÉ FARIA",andre-faria,active,yoga,yoga,No
"Ángela Valle Centro de Masajes y Técnicas Naturales",angela-valle-centro-de-masajes-y-tecnica,active,yoga,yoga,No
"Ànima Wellness",anima-wellness,active,yoga,yoga,No
"ANS CLINIC",ans-clinic,active,ayurveda,ayurveda,No
"Anytime Fitness Parc de l'Aigua",anytime-fitness-parc-de-l-aigua,active,yoga,yoga,No
"Apasho yoga",apasho-yoga,active,yoga,yoga,No
"Aquae Centro Multidisciplinar María Bermejo",aquae-centro-multidisciplinar-maria-berm,active,yoga,yoga,No
"Arco Pilates",arco-pilates,active,yoga,yoga,No
"Areafit Albacete",areafit-albacete,active,yoga,yoga,No
"Areafit Arrecife",areafit-arrecife,active,yoga,yoga,No
"Areafit Écija",areafit-ecija,active,yoga,yoga,No
"Areafit Morón",areafit-moron,active,yoga,yoga,No
"Areafit Reus",areafit-reus,active,yoga,yoga,No
"Arenas Health Club",arenas-health-club,active,yoga,yoga,No
"Ariznabarra Gizarte Etxea",ariznabarra-gizarte-etxea,active,yoga,yoga,No
"Arjuna Escuela de Yoga",arjuna-escuela-de-yoga,active,yoga,yoga,No
"Arrels Centre de teràpies naturals, formació i estètica",arrels-centre-de-terapies-naturals-forma,active,yoga,yoga,No
"Art of Healing",art-of-healing,active,ayurveda,ayurveda,No
"Art On Yoga + Art On You By Patricia Bonet",art-on-yoga-art-on-you-by-patricia-bonet,active,yoga,yoga,No
"Aruna Vigo - Reflexologia, Craneosacral y Meditación",aruna-vigo-reflexologia-craneosacral-y-m,active,yoga,meditation,Sí
"ASERHCO Rehabilitation and Health",aserhco-rehabilitation-and-health,active,yoga,yoga,No
"Ashiyana Yoga Retreat Centre",ashiyana-yoga-retreat-centre,active,yoga,yoga,No
"Ashvattha Quiromasaje",ashvattha-quiromasaje,active,ayurveda,ayurveda,No
"Ateneo Obrero de Villaviciosa",ateneo-obrero-de-villaviciosa,active,yoga,yoga,No
"Athletic Gym",athletic-gym,active,yoga,yoga,No
"ATLAS Sports Center",atlas-sports-center,active,yoga,yoga,No
"AURA Yoga Lleida",aura-yoga-lleida,active,yoga,yoga,No
"AWA YOGA",awa-yoga,active,yoga,yoga,No
"Ayurfeel",ayurfeel,active,ayurveda,ayurveda,No
"Ayurvéda - Nour Lucie Joao",ayurveda-nour-lucie-joao,active,ayurveda,ayurveda,No
"Ayurveda Barcelona",ayurveda-barcelona,active,ayurveda,ayurveda,No
"Ayurveda Botanic I Guilu Cabalé",ayurveda-botanic-i-guilu-cabale,active,ayurveda,ayurveda,No
"Ayurveda Experience Connie",ayurveda-experience-connie,active,ayurveda,ayurveda,No
"Ayurveda Jaén: Centro de Yoga y naturopatía India",ayurveda-jaen-centro-de-yoga-y-naturopat,active,ayurveda,ayurveda,No
"Ayurveda La Palma",ayurveda-la-palma,active,ayurveda,ayurveda,No
"Ayurveda Lifestyle By Bharat Negi",ayurveda-lifestyle-by-bharat-negi,active,ayurveda,ayurveda,No
"Ayurveda Medicina Natural Lola Peña",ayurveda-medicina-natural-lola-pena,active,ayurveda,ayurveda,No
"Ayurveda Rural",ayurveda-rural,active,ayurveda,ayurveda,No
"Ayurveda Shobha Lad",ayurveda-shobha-lad,active,ayurveda,ayurveda,No
"Ayurveda Tradicional",ayurveda-tradicional,active,ayurveda,ayurveda,No
"Ayurveda Yoga Health - Yoga Vidya Torrox Costa",ayurveda-yoga-health-yoga-vidya-torrox-c,active,yoga,ayurveda,Sí
"AZ GYM & JIU JITSU ACADEMY",az-gym-jiu-jitsu-academy,active,yoga,yoga,No
"Bárbara Martínez Yoga y Terapias Naturales",barbara-martinez-yoga-y-terapias-natural,active,yoga,yoga,No
"Bárbara Yogaterapia",barbara-yogaterapia,active,yoga,yoga,No
"Barquillo Yoga",barquillo-yoga,active,yoga,yoga,No
"Barrefit Bcn Studio Eixample",barrefit-bcn-studio-eixample,active,yoga,yoga,No
"Basic-Fit",basic-fit,active,yoga,yoga,No
"Basic-Fit",basic-fit-2,active,yoga,yoga,No
"Basic-Fit",basic-fit-1,active,yoga,yoga,No
"Basic-Fit Ponferrada Avenida España 17",basic-fit-ponferrada-avenida-espana-17,active,yoga,yoga,No
"Baubo Yoga",baubo-yoga,active,yoga,yoga,No
"BE A RAINBOW",be-a-rainbow,active,yoga,yoga,No
"Be Art Yoga",be-art-yoga,active,yoga,yoga,No
"Be24Fit",be24fit,active,yoga,yoga,No
"Beach Gym",beach-gym,active,yoga,yoga,No
"Beatriz Alija - Terapia holística",beatriz-alija-terapia-holistica,active,yoga,ayurveda,Sí
"Beauty Center París: Peluquería, Estética, Masajes y Pilates",beauty-center-paris-peluqueria-estetica-,active,yoga,yoga,No
"beKaruna by Paqui Sanchiz | Centro de Yoga y Meditación",bekaruna-by-paqui-sanchiz-centro-de-yoga,active,yoga,yoga,No
"BeMovement Adeje",bemovement-adeje,active,yoga,yoga,No
"BEN'S GYM IBIZA",ben-s-gym-ibiza,active,yoga,yoga,No
"BeOne Fitness & Sport",beone-fitness-sport,active,yoga,yoga,No
"BeOne Fitness & Sport",beone-fitness-sport-1,active,yoga,yoga,No
"BeOne Ourense",beone-ourense,active,yoga,yoga,No
"Bio Terapias Eva Varela",bio-terapias-eva-varela,active,ayurveda,ayurveda,No
"BioBalance - Fisioterapia integrativa y movimiento",biobalance-fisioterapia-integrativa-y-mo,active,yoga,yoga,No
"blanc yoga Eixample",blanc-yoga-eixample,active,yoga,yoga,No
"BLAUMEER YOGA STUDIO by Christine Pohn",blaumeer-yoga-studio-by-christine-pohn,active,yoga,yoga,No
"Blue Fitness Gyms",blue-fitness-gyms,active,yoga,yoga,No
"bodhana wellness centre",bodhana-wellness-centre,active,yoga,yoga,No
"Body Viu",body-viu,active,yoga,yoga,No
"Bodycam Sports Cambrils",bodycam-sports-cambrils,active,yoga,yoga,No
"Bodyline Fitness club",bodyline-fitness-club,active,yoga,yoga,No
"BorealRelax: Centro de Masajes y Wellness Spa",borealrelax-centro-de-masajes-y-wellness,active,yoga,meditation,Sí
"Brooklyn Fitboxing Albacete",brooklyn-fitboxing-albacete,active,yoga,yoga,No
"Brooklyn Fitboxing Burgos",brooklyn-fitboxing-burgos,active,yoga,yoga,No
"Brooklyn Fitboxing Ciudad real",brooklyn-fitboxing-ciudad-real,active,yoga,yoga,No
"Bru Fisioterapia Masajes. Biomecanica del ciclismo",bru-fisioterapia-masajes-biomecanica-del,active,yoga,yoga,No
"Bullgym Centro Fitness",bullgym-centro-fitness,active,yoga,yoga,No
"Burbuja Natural",burbuja-natural,active,ayurveda,ayurveda,No
"C&M Pilates Studio",c-m-pilates-studio,active,yoga,yoga,No
"CAF - Cross Arts Fitness",caf-cross-arts-fitness,active,yoga,yoga,No
"Calma Campus Famara Yoga Lanzarote",calma-campus-famara-yoga-lanzarote,active,yoga,yoga,No
"Cālma Studio - Yoga & Mindfulness",calma-studio-yoga-mindfulness,active,yoga,yoga,No
"CALMA YOGA Donostia ‍ ‍",calma-yoga-donostia,active,yoga,yoga,No
"Carole Martinez Massage Ayurvedic &Yoga. Perpignan 66000 Et Alentours",carole-martinez-massage-ayurvedic-yoga-p,active,yoga,ayurveda,Sí
"Casa Cuadrau: Yoga, Art & Nature in the Pyrenees",casa-cuadrau-yoga-art-nature-in-the-pyre,active,yoga,yoga,No
"Casa del Moviment - Dansa, Ioga, Salut",casa-del-moviment-dansa-ioga-salut,active,yoga,yoga,No
"Casita de Ayurveda Tenerife",casita-de-ayurveda-tenerife,active,ayurveda,ayurveda,No
"CEM La Fanecada",cem-la-fanecada,active,yoga,yoga,No
"Center Yoga Shiva & Shakti Pamplona",center-yoga-shiva-shakti-pamplona,active,yoga,yoga,No
"Centre Béa - Massages et Ayurvéda",centre-bea-massages-et-ayurveda,active,ayurveda,ayurveda,No
"Centre de Bien-être Ayurvédique - Asso. Mains Libres",centre-de-bien-etre-ayurvedique-asso-mai,active,ayurveda,ayurveda,No
"Centre de Ioga Ca s'Oliba",centre-de-ioga-ca-s-oliba,active,yoga,yoga,No
"Centre Dhamma",centre-dhamma,active,yoga,yoga,No
"Centre Esportiu d'Ordino",centre-esportiu-d-ordino,active,yoga,yoga,No
"Centre Esportiu Esquitx",centre-esportiu-esquitx,active,yoga,yoga,No
"Centre Prasad",centre-prasad,active,ayurveda,ayurveda,No
"Centre Sat Nam",centre-sat-nam,active,yoga,yoga,No
"Centro | Studio Pilates Calle Ancha | Albacete",centro-studio-pilates-calle-ancha-albace,active,yoga,yoga,No
"Centro Amoratí",centro-amorati,active,yoga,yoga,No
"Centro Axarquía. Fisioterapia y Pilates",centro-axarquia-fisioterapia-y-pilates,active,yoga,yoga,No
"Centro Ayurveda Devasahi",centro-ayurveda-devasahi,active,ayurveda,ayurveda,No
"Centro Bienestar JANAKI YOGA",centro-bienestar-janaki-yoga,active,yoga,yoga,No
"Centro Calima. Centro de retiros y meditación.",centro-calima-centro-de-retiros-y-medita,active,yoga,yoga,No
"Centro Cultural el Pinós",centro-cultural-el-pinos,active,yoga,yoga,No
"Centro Cultural Manuel Benito Moliner (antiguo Matadero)",centro-cultural-manuel-benito-moliner-an,active,yoga,yoga,No
"Centro de Ayurveda",centro-de-ayurveda,active,ayurveda,ayurveda,No
"Centro de Bienestar Paula García",centro-de-bienestar-paula-garcia,active,yoga,yoga,No
"Centro de fisioterapia en Lugones Pablo Calleja",centro-de-fisioterapia-en-lugones-pablo-,active,yoga,yoga,No
"Centro de fisioterapia Kwal Physio",centro-de-fisioterapia-kwal-physio,active,yoga,yoga,No
"Centro de Fitness Q-FITLIFE",centro-de-fitness-q-fitlife,active,yoga,yoga,No
"Centro de Masajes Karmia",centro-de-masajes-karmia,active,yoga,yoga,No
"Centro de Naturopatía, Quiromasaje y Osteopatía, Cháman",centro-de-naturopatia-quiromasaje-y-oste,active,yoga,yoga,No
"Centro de Osteopatia- Yaiza",centro-de-osteopatia-yaiza,active,yoga,yoga,No
"Centro de Pilates y Yoga Unalome Rooms",centro-de-pilates-y-yoga-unalome-rooms,active,yoga,yoga,No
"Centro de Retiros de Yoga y Meditación Pirineo · Casa Marterena",centro-de-retiros-de-yoga-y-meditacion-p,active,yoga,yoga,No
"Centro de Retiros y Formacion Yoga Vida",centro-de-retiros-y-formacion-yoga-vida,active,yoga,yoga,No
"Centro de Terapia Natural Arq Nature",centro-de-terapia-natural-arq-nature,active,yoga,yoga,No
"Centro de Yoga Victoria",centro-de-yoga-victoria,active,yoga,yoga,No
"Centro de Yoga y Ayurveda. Do Ananda Yoga",centro-de-yoga-y-ayurveda-do-ananda-yoga,active,yoga,yoga,No
"Centro de Yoga, Meditación y Mindfulness en Alcalá de Henares | Eduardo Solarte",centro-de-yoga-meditacion-y-mindfulness-,active,yoga,yoga,No
"Centro Deportivo American Spin",centro-deportivo-american-spin,active,yoga,yoga,No
"Centro deportivo INCIPIT Sports solution for humans FITCROSS & HYBRID",centro-deportivo-incipit-sports-solution,active,yoga,yoga,No
"Centro Deportivo Palas",centro-deportivo-palas,active,yoga,yoga,No
"Centro Deportivo Q-FITLIFE",centro-deportivo-q-fitlife,active,yoga,yoga,No
"Centro deportivo Sauter",centro-deportivo-sauter,active,yoga,yoga,No
"Centro Deportivo Sport is Medicine",centro-deportivo-sport-is-medicine,active,yoga,yoga,No
"Centro Deportivo Stabia",centro-deportivo-stabia,active,yoga,yoga,No
"Centro deportivo Supera Río Tajo",centro-deportivo-supera-rio-tajo,active,yoga,yoga,No
"CENTRO ELLE fisioterapia avanzada",centro-elle-fisioterapia-avanzada,active,yoga,yoga,No
"Centro Especializado En Fisioterapia Santa Marta De Tormes",centro-especializado-en-fisioterapia-san,active,yoga,yoga,No
"Centro Febrero",centro-febrero,active,yoga,yoga,No
"Centro Hara",centro-hara,active,yoga,yoga,No
"Centro Kali | Yoga, pilates y terapias naturales en Granada",centro-kali-yoga-pilates-y-terapias-natu,active,yoga,yoga,No
"Centro Keisho Alcázar Osteopatia, quiromasaje, MTC y terapias naturales.",centro-keisho-alcazar-osteopatia-quiroma,active,yoga,yoga,No
"Centro Ki * Lau",centro-ki-lau,active,yoga,yoga,No
"Centro KIRAN",centro-kiran,active,yoga,yoga,No
"Centro Martins&Co",centro-martins-co,active,yoga,yoga,No
"Centro Mushin",centro-mushin,active,ayurveda,ayurveda,No
"Centro Nura Fisioterapia, Osteopatía, Suelo Pélvico, Pilates",centro-nura-fisioterapia-osteopatia-suel,active,yoga,yoga,No
"Centro Prana Yoga Burgos",centro-prana-yoga-burgos,active,yoga,yoga,No
"Centro qiromass",centro-qiromass,active,yoga,yoga,No
"Centro Sevilla Bienestar",centro-sevilla-bienestar,active,yoga,yoga,No
"Centro Shanti (Masajes y Terapias Alternativas)",centro-shanti-masajes-y-terapias-alterna,active,ayurveda,yoga,Sí
"Centro Soham Yoga Ronda",centro-soham-yoga-ronda,active,yoga,yoga,No
"Centro Viviendo La Vida Yoga",centro-viviendo-la-vida-yoga,active,yoga,yoga,No
"Centro Yogasadhana",centro-yogasadhana,active,yoga,yoga,No
"CENTRO ZAMA DE YOGA IYENGAR® Barcelona",centro-zama-de-yoga-iyengar-barcelona,active,yoga,yoga,No
"Chandra Ibiza",chandra-ibiza,active,yoga,yoga,No
"Clan Fitness Tenerife",clan-fitness-tenerife,active,yoga,yoga,No
"Classical Hatha Yoga y Ayurveda Patanga",classical-hatha-yoga-y-ayurveda-patanga,active,yoga,ayurveda,Sí
"Clínica Andrea Palazzolo · Fisioterapia y Pilates",clinica-andrea-palazzolo-fisioterapia-y-,active,yoga,yoga,No
"Clínica de Fisioterapia en Albacete - Loli Poveda",clinica-de-fisioterapia-en-albacete-loli,active,yoga,yoga,No
"Clínica de fisioterapia Fisiocenter Úbeda",clinica-de-fisioterapia-fisiocenter-ubed,active,yoga,yoga,No
"Clínica de Fisioterapia Fisiofuncional Ciudad Real",clinica-de-fisioterapia-fisiofuncional-c,active,yoga,yoga,No
"Clínica de Fisioterapia Fran Rodríguez",clinica-de-fisioterapia-fran-rodriguez,active,yoga,yoga,No
"Clínica Estética Integral Doshas",clinica-estetica-integral-doshas,active,ayurveda,ayurveda,No
"Clínica FISAP Fisioterapia Avanzada, Suelo Pélvico y Pilates",clinica-fisap-fisioterapia-avanzada-suel,active,yoga,yoga,No
"Clínica Fisiolax. Fisioterapia y Pilates",clinica-fisiolax-fisioterapia-y-pilates,active,yoga,yoga,No
"Clínica Fisiomar",clinica-fisiomar,active,yoga,yoga,No
"Clínica Fisioterapia Sandra Gálvez Cabezas | Puente Genil | Fisioterapia Pediátrica y Suelo Pélvico | Nutrición",clinica-fisioterapia-sandra-galvez-cabez,active,yoga,yoga,No
"Clínica iPhysio Therapy",clinica-iphysio-therapy,active,yoga,yoga,No
"CLÍNICA LOCUBICHE - fisioterapia, pilates máquinas, acupuntura, osteopatia, dietética, psicología",clinica-locubiche-fisioterapia-pilates-m,active,yoga,yoga,No
"Clínica Maimú - Fisioterapia Avanzada Ecoguiada y Readaptación",clinica-maimu-fisioterapia-avanzada-ecog,active,yoga,yoga,No
"Clínica Mar Sánchez",clinica-mar-sanchez,active,yoga,yoga,No
"Clínica Osteodinamic",clinica-osteodinamic,active,yoga,yoga,No
"Clinica Palma Fisioterapia-Osteopatia-Pilates",clinica-palma-fisioterapia-osteopatia-pi,active,yoga,yoga,No
"𝐂𝐥𝐢𝐧𝐢𝐜𝐚 𝐒𝐚𝐥𝐮𝐱. 𝐅𝐢𝐬𝐢𝐨𝐭𝐞𝐫𝐚𝐩𝐢𝐚, 𝐎𝐬𝐭𝐞𝐨𝐩𝐚𝐭𝐢𝐚, 𝐒𝐭𝐮𝐝𝐢𝐨 𝐝𝐞 𝐘𝐨𝐠𝐚 𝐲 𝐏𝐢𝐥𝐚𝐭𝐞𝐬 𝐞𝐧 𝐇𝐮𝐞𝐥𝐯𝐚.",,active,yoga,yoga,No
"CLUB GYM SIERRA | Tu gimnasio en Córdoba",club-gym-sierra-tu-gimnasio-en-cordoba,active,yoga,yoga,No
"Club Pilates Azca",club-pilates-azca,active,yoga,yoga,No
"Club Pilates Conde Orgaz",club-pilates-conde-orgaz,active,yoga,yoga,No
"Club Pilates Guindalera",club-pilates-guindalera,active,yoga,yoga,No
"Club Pilates Las Rozas",club-pilates-las-rozas,active,yoga,yoga,No
"Complejo Deportivo Salas Bajas",complejo-deportivo-salas-bajas,active,yoga,yoga,No
"Complexo Deportivo Municipal A Fieiteira",complexo-deportivo-municipal-a-fieiteira,active,yoga,yoga,No
"Corcobado. Movimiento & Pilates",corcobado-movimiento-pilates,active,yoga,yoga,No
"Corporal ATC & Yoga Studio",corporal-atc-yoga-studio,active,yoga,yoga,No
"Corporalma Pilates Center | Teatinos, Málaga",corporalma-pilates-center-teatinos-malag,active,yoga,yoga,No
"CPYOGA L'ELIANA",cpyoga-l-eliana,active,yoga,yoga,No
"Cross MAE Fitness",cross-mae-fitness,active,yoga,yoga,No
"CrossFit Puigcerdà",crossfit-puigcerda,active,yoga,yoga,No
"Cultural Centre",cultural-centre,active,yoga,yoga,No
"Cumbre Fisioterapia - Fisioterapia y Osteopatía Zaragoza",cumbre-fisioterapia-fisioterapia-y-osteo,active,yoga,yoga,No
"Cumbria Bienestar",cumbria-bienestar,active,yoga,yoga,No
"D10",d10,active,yoga,yoga,No
"Dayananda Yoga",dayananda-yoga,active,yoga,yoga,No
"de la Mano del Yoga Ayurveda",de-la-mano-del-yoga-ayurveda,active,yoga,yoga,No
"De Novo Pilates - Princesa",de-novo-pilates-princesa,active,yoga,yoga,No
"DEIÀ YOGA by Lleo & Siau",deia-yoga-by-lleo-siau,active,yoga,yoga,No
"Del Norte Estudios Gijon",del-norte-estudios-gijon,active,yoga,yoga,No
"Deporte Free",deporte-free,active,yoga,yoga,No
"Dhamma Sacca, centro de meditación Vipassana",dhamma-sacca-centro-de-meditacion-vipass,active,meditation,meditation,No
"DHARA RETIRO YOGA & AYURVEDA",dhara-retiro-yoga-ayurveda,active,yoga,ayurveda,Sí
"Dhyana Vayus Yoga La Rinconada",dhyana-vayus-yoga-la-rinconada,active,yoga,yoga,No
"Didgeridoo Ritual",didgeridoo-ritual,active,yoga,meditation,Sí
"Distrito Fitness",distrito-fitness,active,yoga,yoga,No
"Diwali. Yoga, Wellness & Beauty en Marqués de Vadillo, Puerta del Ángel y Arganzuela",diwali-yoga-wellness-beauty-en-marques-d,active,yoga,yoga,No
"DOM Fitness Concept - Centro de entrenamiento en Zaragoza",dom-fitness-concept-centro-de-entrenamie,active,yoga,yoga,No
"Dreamfit Gasteiz",dreamfit-gasteiz,active,yoga,yoga,No
"Dreamfit Logroño",dreamfit-logrono,active,yoga,yoga,No
"Dreams Sport",dreams-sport,active,yoga,yoga,No
"Dreamsea Surf Camp Spain",dreamsea-surf-camp-spain,active,yoga,yoga,No
"Ecobarrio Herbolario",ecobarrio-herbolario,active,yoga,yoga,No
"Ecoespazo VITRIOL",ecoespazo-vitriol,active,yoga,yoga,No
"Ekyoga France - Rituel Massage Abhyanga Ayurvedic Pour Femmes À Cheval - Equicoaching - Coaching Business-",ekyoga-france-rituel-massage-abhyanga-ay,active,ayurveda,ayurveda,No
"el cercano espacio",el-cercano-espacio,active,yoga,yoga,No
"El proceso - Espacio de consciencia y movimiento",el-proceso-espacio-de-consciencia-y-movi,active,yoga,yoga,No
"El Regazo Feliz",el-regazo-feliz,active,yoga,yoga,No
"El Sendero del Yoga",el-sendero-del-yoga,active,yoga,yoga,No
"El Templo by Zen Estétic",el-templo-by-zen-estetic,active,ayurveda,ayurveda,No
"Elena Álvarez Alma Ayurveda",elena-alvarez-alma-ayurveda,active,ayurveda,ayurveda,No
"Elite Pilates",elite-pilates,active,yoga,yoga,No
"elix pilates",elix-pilates,active,yoga,yoga,No
"Emmanuelle Maurin",emmanuelle-maurin,active,ayurveda,ayurveda,No
"EMPI SPORTS CENTER",empi-sports-center,active,yoga,yoga,No
"En Buenas Manos fisioterapia y osteopatia",en-buenas-manos-fisioterapia-y-osteopati,active,yoga,yoga,No
"Encuentra tu equilibrio by Eva Salmerón | Terapia emocional LNT® I Masajes I Neurodanza",encuentra-tu-equilibrio-by-eva-salmeron-,active,yoga,yoga,No
"Endorfina Club Bristol",endorfina-club-bristol,active,yoga,yoga,No
"Energía Zen",energia-zen,active,yoga,yoga,No
"Energym Zamora Fitness Club S.L.",energym-zamora-fitness-club-s-l,active,yoga,yoga,No
"Enne Pilates",enne-pilates,active,yoga,yoga,No
"Entrenaconfei",entrenaconfei,active,yoga,yoga,No
"Entrenactiva (pilates y entrenamiento)",entrenactiva-pilates-y-entrenamiento,active,yoga,yoga,No
"Entrenamiento personal en Valladolid JYM PERFORMANCE CLUB, S.L.",entrenamiento-personal-en-valladolid-jym,active,yoga,yoga,No
"EQM",eqm,active,ayurveda,ayurveda,No
"Equilibrium Cosment",equilibrium-cosment,active,yoga,yoga,No
"EQUÓN Fisioterapia & Salud",equon-fisioterapia-salud,active,yoga,yoga,No
"Escola de Ioga i Salut Integral - Yoga a Sabadell",escola-de-ioga-i-salut-integral-yoga-a-s,active,yoga,yoga,No
"Escuela de Yoga Ananda",escuela-de-yoga-ananda,active,yoga,yoga,No
"Escuela de Yoga Integral Mahashakti",escuela-de-yoga-integral-mahashakti,active,yoga,yoga,No
"Escuela de Yoga Ling Natural YOGA - Centro de Bienestar y Yoga Adaptado",escuela-de-yoga-ling-natural-yoga-centro,active,yoga,yoga,No
"Escuela de Yoga y Ayurveda. La Voluntad del Alma",escuela-de-yoga-y-ayurveda-la-voluntad-d,active,yoga,ayurveda,Sí
"Escuela Española de Yoga Terapéutico y Ayurveda",escuela-espanola-de-yoga-terapeutico-y-a,active,yoga,ayurveda,Sí
"Escuela Mi retiro de yoga",escuela-mi-retiro-de-yoga,active,yoga,yoga,No
"Escuela Nidhan - Pamplona",escuela-nidhan-pamplona,active,yoga,yoga,No
"Escuela Superior de Ayurveda",escuela-superior-de-ayurveda,active,ayurveda,ayurveda,No
"Espacio Arcadia: Yoga y Pilates Coruña",espacio-arcadia-yoga-y-pilates-coruna,active,yoga,yoga,No
"Espacio Core María Plaza",espacio-core-maria-plaza,active,yoga,yoga,No
"Espacio de Movimiento y Bienestar Ainhoa Iturgaiz",espacio-de-movimiento-y-bienestar-ainhoa,active,yoga,yoga,No
"Espacio Nadia",espacio-nadia,active,yoga,yoga,No
"Espacio Para El Yoga",espacio-para-el-yoga,active,yoga,yoga,No
"Espacio Shantala",espacio-shantala,active,yoga,yoga,No
"Espai Món Sà",espai-mon-sa,active,yoga,yoga,No
"Espai Sangha, ioga, meditació, massatges i terapia",espai-sangha-ioga-meditacio-massatges-i-,active,yoga,yoga,No
"Espai Yoga Barcelona",espai-yoga-barcelona,active,yoga,yoga,No
"Espasana Natural",espasana-natural,active,yoga,yoga,No
"ESPIRITU PILATES",espiritu-pilates,active,yoga,yoga,No
"Essenta FisioSalud | Clínica de Fisioterapia y Pilates en Santa Cruz de Tenerife",essenta-fisiosalud-clinica-de-fisioterap,active,yoga,yoga,No
"Estudio Aequus 1: RGM Training más que Pilates en Mallorca",estudio-aequus-1-rgm-training-mas-que-pi,active,yoga,yoga,No
"Estudio Aequus 2: RGM Training más que Pilates en Mallorca",estudio-aequus-2-rgm-training-mas-que-pi,active,yoga,yoga,No
"Estudio arete pilates",estudio-arete-pilates,active,yoga,yoga,No
"Estudio de Pilates e Hipopresivos Mercedes Toledo",estudio-de-pilates-e-hipopresivos-merced,active,yoga,yoga,No
"Estudio de Yoga con Pilar Valencia",estudio-de-yoga-con-pilar-valencia,active,yoga,yoga,No
"Estudio Ganesha Sevilla. Clases de Pilates y Yoga. Coaching. Dietética nutrición.",estudio-ganesha-sevilla-clases-de-pilate,active,yoga,yoga,No
"Estudio Pilates Irache Sádaba",estudio-pilates-irache-sadaba,active,yoga,yoga,No
"ESTUDIO PILATES MÁLAGA - Auténtico Método Pilates",estudio-pilates-malaga-autentico-metodo-,active,yoga,yoga,No
"ETP ENCUENTRA TU POTENCIAL Centro Coaching Deportivo (Yoga, Pilates, Calistenia y Acondicionamiento Físico)",etp-encuentra-tu-potencial-centro-coachi,active,yoga,yoga,No
"Evasiom Spa",evasiom-spa,active,yoga,meditation,Sí
"Evolución TIR - Ariel Jaenisch F.",evolucion-tir-ariel-jaenisch-f,active,yoga,meditation,Sí
"Exon Fitness",exon-fitness,active,yoga,yoga,No
"Fanny Ros Ayurveda",fanny-ros-ayurveda,active,ayurveda,ayurveda,No
"Fidias Center Puerto de Santa María",fidias-center-puerto-de-santa-maria,active,yoga,yoga,No
"FIGA yoga studio - navakarana Sagrada Familia",figa-yoga-studio-navakarana-sagrada-fami,active,yoga,yoga,No
"Fisio Ágil - Clínica de Fisioterapia",fisio-agil-clinica-de-fisioterapia,active,yoga,yoga,No
"Fisio&well",fisio-well,active,yoga,yoga,No
"FISIOBAHÍA: Centro de Fisioterapia , Osteopatía y Suelo Pélvico en el Puerto Santa María",fisiobahia-centro-de-fisioterapia-osteop,active,yoga,yoga,No
"FISIOCERCEDA",fisiocerceda,active,yoga,yoga,No
"Fisiofine Fisioterapia Guadalajara",fisiofine-fisioterapia-guadalajara,active,yoga,yoga,No
"FisioJardín Fisioterapia y Movimiento",fisiojardin-fisioterapia-y-movimiento,active,yoga,yoga,No
"FisioMove",fisiomove,active,yoga,yoga,No
"FISIOreq",fisioreq,active,yoga,yoga,No
"FISIOTERAPIA ,ESTUDIO DE PILATES Y ENTRENAMIENTO FUNCIONAL",fisioterapia-estudio-de-pilates-y-entren,active,yoga,yoga,No
"Fisioterapia Athenea",fisioterapia-athenea,active,yoga,yoga,No
"Fisioterapia Avanzada y Pilates Terapéutico Salud Activa",fisioterapia-avanzada-y-pilates-terapeut,active,yoga,yoga,No
"Fisioterapia Casado Nájera (Fisioterapia en Almería)",fisioterapia-casado-najera-fisioterapia-,active,yoga,yoga,No
"Fisioterapia Castellón | Centro Lledó",fisioterapia-castellon-centro-lledo,active,yoga,yoga,No
"FISIOTERAPIA DEL VALLE",fisioterapia-del-valle,active,yoga,yoga,No
"Fisioterapia María Vega",fisioterapia-maria-vega,active,yoga,yoga,No
"Fisioterapia Martínez Blanco",fisioterapia-martinez-blanco,active,yoga,yoga,No
"Fisioterapia Origen La Loma",fisioterapia-origen-la-loma,active,yoga,yoga,No
"Fisioterapia Osteopatía Pilates Peñarrubia ✅",fisioterapia-osteopatia-pilates-penarrub,active,yoga,yoga,No
"Fisioterapia Osteopatía Pilates Peñarrubia San Antón ✅",fisioterapia-osteopatia-pilates-penarrub-1,active,yoga,yoga,No
"Fisioterapia Osteopatía y Pilates Murcia Infante | DENUEVO Siéntete bien",fisioterapia-osteopatia-y-pilates-murcia,active,yoga,yoga,No
"Fisioterapia Pilates Santa Cruz FisioProyectos | Centro de Fisioterapia y Pilates en Santa Cruz de Tenerife",fisioterapia-pilates-santa-cruz-fisiopro,active,yoga,yoga,No
"Fisioterapia y Pilates Aleceya",fisioterapia-y-pilates-aleceya,active,yoga,yoga,No
"Fisioterapia y pilates CUERPOSANO",fisioterapia-y-pilates-cuerposano,active,yoga,yoga,No
"FisNatur",fisnatur,active,yoga,yoga,No
"Fit Pilates Studio Maspalomas",fit-pilates-studio-maspalomas,active,yoga,yoga,No
"FIT.IT.WOMAN PILATES",fit-it-woman-pilates,active,yoga,yoga,No
"Fitness 2.0",fitness-2-0,active,yoga,yoga,No
"Fitness Center Health Club",fitness-center-health-club,active,yoga,yoga,No
"Fitness Maxo´s Gym Puerto del Rosario",fitness-maxo-s-gym-puerto-del-rosario,active,yoga,yoga,No
"FITNESS ONE CENTER BENICARLO",fitness-one-center-benicarlo,active,yoga,yoga,No
"Fitness Park",fitness-park,active,yoga,yoga,No
"Fitness Park Gran Canaria - Vecindario",fitness-park-gran-canaria-vecindario,active,yoga,yoga,No
"Fitness Park Lleida Plaza - Noguerola",fitness-park-lleida-plaza-noguerola,active,yoga,yoga,No
"Fitness Place Sport Center",fitness-place-sport-center,active,yoga,yoga,No
"Fitness Salud",fitness-salud,active,yoga,yoga,No
"FitnessLife Guadalajara",fitnesslife-guadalajara,active,yoga,yoga,No
"Fleur De Lumière",fleur-de-lumiere,active,yoga,meditation,Sí
"Flor de Lluna Teràpies",flor-de-lluna-terapies,active,ayurveda,ayurveda,No
"Flow Training Pilates Faro",flow-training-pilates-faro,active,yoga,yoga,No
"Flow with Faye… Yoga & Wellbeing",flow-with-faye-yoga-wellbeing,active,yoga,yoga,No
"Flowsurfproject Fuerteventura",flowsurfproject-fuerteventura,active,yoga,yoga,No
"Forlife - Ginásio em Viseu",forlife-ginasio-em-viseu,active,yoga,yoga,No
"Fraile Gym Tomelloso",fraile-gym-tomelloso,active,yoga,yoga,No
"Fran Barahona Ayurveda Spa",fran-barahona-ayurveda-spa,active,ayurveda,ayurveda,No
"FT STUDIO - Pilates & Personal Training",ft-studio-pilates-personal-training,active,yoga,yoga,No
"Full Vitality Spa - Home Massage Service Marbella",full-vitality-spa-home-massage-service-m,active,yoga,ayurveda,Sí
"FULL VITALITY SPA SIERRA NEVADA",full-vitality-spa-sierra-nevada,active,yoga,meditation,Sí
"Ganesha Experience",ganesha-experience,active,yoga,yoga,No
"Gemburu Wellness",gemburu-wellness,active,ayurveda,ayurveda,No
"GIMNAS CAMPILLO SPORT - CLUB ESPORTIU MOLLERUSSA",gimnas-campillo-sport-club-esportiu-moll,active,yoga,yoga,No
"Gimnasio AltaFit Albacete Mariana Pineda",gimnasio-altafit-albacete-mariana-pineda,active,yoga,yoga,No
"Gimnasio Arnold Fit Gym Los Cristianos",gimnasio-arnold-fit-gym-los-cristianos,active,yoga,yoga,No
"Gimnasio Ballester",gimnasio-ballester,active,yoga,yoga,No
"Gimnasio Body Fitness",gimnasio-body-fitness,active,yoga,yoga,No
"Gimnasio Esfera La Roda",gimnasio-esfera-la-roda,active,yoga,yoga,No
"Gimnasio Infinit Fitness Magic World - Abierto 24 horas",gimnasio-infinit-fitness-magic-world-abi,active,yoga,yoga,No
"Gimnasio Kata",gimnasio-kata,active,yoga,yoga,No
"Gimnasio Kronos",gimnasio-kronos,active,yoga,yoga,No
"Gimnasio Limite",gimnasio-limite,active,yoga,yoga,No
"Gimnasio Liza Fitness Gran Vía",gimnasio-liza-fitness-gran-via,active,yoga,yoga,No
"Gimnasio Lugo",gimnasio-lugo,active,yoga,yoga,No
"Gimnasio Miguelturra",gimnasio-miguelturra,active,yoga,yoga,No
"GIMNASIO OLIMPIA SQUASH",gimnasio-olimpia-squash,active,yoga,yoga,No
"GIMNASIO PEDREGAL COLLOTO",gimnasio-pedregal-colloto,active,yoga,yoga,No
"Gimnasio Sparta Sport Center Cuenca - Calle Jose Cobo",gimnasio-sparta-sport-center-cuenca-call,active,yoga,yoga,No
"Gimnasio Sparta Sport Center Cuenca - Centro Comercial El Mirador",gimnasio-sparta-sport-center-cuenca-cent,active,yoga,yoga,No
"Gimnasio Sparta Sport Center Jaca",gimnasio-sparta-sport-center-jaca,active,yoga,yoga,No
"Gimnasio Sparta Sport Center Logroño",gimnasio-sparta-sport-center-logrono,active,yoga,yoga,No
"Gimnasio Sparta Sport Center Palencia - Calle José Zorrilla",gimnasio-sparta-sport-center-palencia-ca,active,yoga,yoga,No
"Gimnasio Sparta Sport Center Palencia - Calle Mayor",gimnasio-sparta-sport-center-palencia-ca-1,active,yoga,yoga,No
"Gimnasio Sparta Sport Center Pamplona - Calle Estella",gimnasio-sparta-sport-center-pamplona-ca,active,yoga,yoga,No
"Gimnasio Sparta Sport Center Soria",gimnasio-sparta-sport-center-soria,active,yoga,yoga,No
"Gimnasio Sport Club Fontana",gimnasio-sport-club-fontana,active,yoga,yoga,No
"Gimnasio Sportia Cordón 5",gimnasio-sportia-cordon-5,active,yoga,yoga,No
"GIMNASIO TEMPLARIUM PONFERRADA",gimnasio-templarium-ponferrada,active,yoga,yoga,No
"Gimnasio VivaGym Estadio",gimnasio-vivagym-estadio,active,yoga,yoga,No
"Gimnasio VivaGym Gran Capitán",gimnasio-vivagym-gran-capitan,active,yoga,yoga,No
"Gimnasio VivaGym Parque Abelardo",gimnasio-vivagym-parque-abelardo,active,yoga,yoga,No
"Gimnasio VivaGym San Roque",gimnasio-vivagym-san-roque,active,yoga,yoga,No
"Gimnasio VivaGym Torrelavega",gimnasio-vivagym-torrelavega,active,yoga,yoga,No
"Gimnasio Xtreme 2",gimnasio-xtreme-2,active,yoga,yoga,No
"Ginásio 100% Health Club",ginasio-100-health-club,active,yoga,yoga,No
"GO GYM&FIT",go-gym-fit,active,yoga,yoga,No
"Gobinde Yoga",gobinde-yoga,active,yoga,yoga,No
"GONAN YOGA",gonan-yoga,active,yoga,yoga,No
"Gózate Yoga y Bienestar",gozate-yoga-y-bienestar,active,yoga,yoga,No
"GranaYoga | Bienestar Integral",granayoga-bienestar-integral,active,yoga,yoga,No
"Grow Yoga Barcelona",grow-yoga-barcelona,active,yoga,yoga,No
"Guruveda Yoga",guruveda-yoga,active,yoga,yoga,No
"Gym and Sports Center Lanefit",gym-and-sports-center-lanefit,active,yoga,yoga,No
"Gym Elite Puertollano",gym-elite-puertollano,active,yoga,yoga,No
"GYM FITNESS CENTER TOLEDO",gym-fitness-center-toledo,active,yoga,yoga,No
"Gym Garage Gym Club ( Playa Blanca - Lanzarote)",gym-garage-gym-club-playa-blanca-lanzaro,active,yoga,yoga,No
"Gym Tres Cruces",gym-tres-cruces,active,yoga,yoga,No
"Hacia tu paz interior: Yoga - Sonidos - Retiros",hacia-tu-paz-interior-yoga-sonidos-retir,active,yoga,yoga,No
"Haridayam, Ioga i Meditació",haridayam-ioga-i-meditacio,active,yoga,yoga,No
"Hatha Yoga Málaga",hatha-yoga-malaga,active,yoga,yoga,No
"Health & Pilates",health-pilates,active,yoga,yoga,No
"Health Forest Worldwide",health-forest-worldwide,active,ayurveda,ayurveda,No
"Herbodietètica Pronaturas",herbodietetica-pronaturas,active,ayurveda,ayurveda,No
"Herbolario Mare Nostrum",herbolario-mare-nostrum,active,ayurveda,ayurveda,No
"Hermes Fisioterapia",hermes-fisioterapia,active,yoga,yoga,No
"HOLISTIC CENTER BODY & MIND",holistic-center-body-mind,active,yoga,yoga,No
"Hotel Spa Río Ucero",hotel-spa-rio-ucero,active,yoga,yoga,No
"Ignis Gym",ignis-gym,active,yoga,yoga,No
"Illa Harmonia",illa-harmonia,active,ayurveda,ayurveda,No
"imaGym Puertollano |Centro",imagym-puertollano-centro,active,yoga,yoga,No
"imaGym Teruel |Universidad",imagym-teruel-universidad,active,yoga,yoga,No
"imaGym Torrelavega-Zapatón",imagym-torrelavega-zapaton,active,yoga,yoga,No
"imohe · Instituto de Salud, Medicina y Oncología Holística",imohe-instituto-de-salud-medicina-y-onco,active,ayurveda,ayurveda,No
"Inacua Aranda de Duero",inacua-aranda-de-duero,active,yoga,yoga,No
"inbo Pilates y Fisio",inbo-pilates-y-fisio,active,yoga,yoga,No
"Infinity Fitness Life Montilla",infinity-fitness-life-montilla,active,yoga,yoga,No
"Inma Tarancón - Fisioterapia y Osteopatía",inma-tarancon-fisioterapia-y-osteopatia,active,yoga,yoga,No
"Inma Yago Juan - Pilates Aereo en Yecla",inma-yago-juan-pilates-aereo-en-yecla,active,yoga,yoga,No
"Institut de Salut Holística Rosselló",institut-de-salut-holistica-rossello,active,ayurveda,ayurveda,No
"Instituto Europeo Neoyoga",instituto-europeo-neoyoga,active,yoga,yoga,No
"InterClub",interclub,active,yoga,yoga,No
"INVICTUS TraininGym.",invictus-trainingym,active,yoga,yoga,No
"Iron Gym",iron-gym,active,yoga,yoga,No
"Isabelle Moulin - Psycho-énergéticienne - Perpignan",isabelle-moulin-psycho-energeticienne-pe,active,yoga,meditation,Sí
"Isaniyama yoga y terapias",isaniyama-yoga-y-terapias,active,yoga,yoga,No
"Ishvara Yoga y Terapias",ishvara-yoga-y-terapias,active,yoga,yoga,No
"iTRAINING - ALICANTE PAU 1 - YOGA & BARRE",itraining-alicante-pau-1-yoga-barre,active,yoga,yoga,No
"Izabel Yogizayurveda",izabel-yogizayurveda,active,ayurveda,ayurveda,No
"Janeth Solá Ayurveda y Acupuntura",janeth-sola-ayurveda-y-acupuntura,active,ayurveda,ayurveda,No
"Jardí de Hara",jardi-de-hara,active,yoga,yoga,No
"Jayna Thérapeute Ayurvedique",jayna-therapeute-ayurvedique,active,ayurveda,ayurveda,No
"Jorge Garcia Personal Trainer",jorge-garcia-personal-trainer,active,yoga,yoga,No
"Kalma Fisioterapia Lanzarote",kalma-fisioterapia-lanzarote,active,yoga,yoga,No
"KANIKA YOGA",kanika-yoga,active,yoga,yoga,No
"Katia Carini - Masaje | Ayurveda | Reiki",katia-carini-masaje-ayurveda-reiki,active,ayurveda,ayurveda,No
"Kika Mas Centro de Bienestar - Naturopatía y Masajes",kika-mas-centro-de-bienestar-naturopatia,active,yoga,yoga,No
"Kinetica Integral Health",kinetica-integral-health,active,yoga,yoga,No
"Kiovanatura",kiovanatura,active,yoga,yoga,No
"Klinos Fisioterapia- osteopathy Infant Colic",klinos-fisioterapia-osteopathy-infant-co,active,yoga,yoga,No
"Knowa Pilates Studio Tegueste",knowa-pilates-studio-tegueste,active,yoga,yoga,No
"KRANTI OLEA. Yoga y Bienestar",kranti-olea-yoga-y-bienestar,active,yoga,yoga,No
"Kundalini Yoga Studio",kundalini-yoga-studio,active,yoga,yoga,No
"Kundalini Yoga. Restaurativo. Meditación y Gong.Movimiento Sentido ( Estiramientos y Movilidad )",kundalini-yoga-restaurativo-meditacion-y,active,yoga,yoga,No
"L*Mental Pilates Studio",l-mental-pilates-studio,active,yoga,yoga,No
"La Caléndula Pilates Y Yoga",la-calendula-pilates-y-yoga,active,yoga,yoga,No
"La Carismática",la-carismatica,active,yoga,yoga,No
"La Kabilia Studios",la-kabilia-studios,active,yoga,yoga,No
"La Molineta Agua y Salud",la-molineta-agua-y-salud,active,yoga,yoga,No
"La Palma Parami",la-palma-parami,active,ayurveda,ayurveda,No
"La Rueda Natural",la-rueda-natural,active,yoga,ayurveda,Sí
"Lamiya Wellness & Social Club",lamiya-wellness-social-club,active,yoga,yoga,No
"LAOLA",laola,active,yoga,yoga,No
"Laura Álvarez Nutrición Ayurveda",laura-alvarez-nutricion-ayurveda,active,ayurveda,ayurveda,No
"Lazy Nursing Homes",lazy-nursing-homes,active,yoga,yoga,No
"Lemon Yoga Sevilla",lemon-yoga-sevilla,active,yoga,yoga,No
"Les mains de Sarah",les-mains-de-sarah,active,ayurveda,ayurveda,No
"Leticia Pérez Estudio de Danza y Pilates",leticia-perez-estudio-de-danza-y-pilates,active,yoga,yoga,No
"Liashi",liashi,active,yoga,yoga,No
"LIFE & SPORT",life-sport,active,yoga,yoga,No
"Lighthouse Yoga",lighthouse-yoga,active,yoga,yoga,No
"Living Yoga Studio",living-yoga-studio,active,yoga,yoga,No
"Locomotiva",locomotiva,active,yoga,yoga,No
"Lori Sjollema",lori-sjollema,active,yoga,yoga,No
"Loto Azul Wellness - Terapias alternativas, gravedad cero, haloterapia, danzaterapia y masajes ayurvédicos en Almería.",loto-azul-wellness-terapias-alternativas,active,ayurveda,ayurveda,No
"Lotus, Centro de Ayurveda Yoga y Crecimiento Personal",lotus-centro-de-ayurveda-yoga-y-crecimie,active,yoga,ayurveda,Sí
"LUIRÉ Studio Pilates LSG",luire-studio-pilates-lsg,active,yoga,yoga,No
"Luxor Madrid",luxor-madrid,active,yoga,meditation,Sí
"LUZ CHURRUCA",luz-churruca,active,yoga,yoga,No
"M2 Centro Deportivo",m2-centro-deportivo,active,yoga,yoga,No
"Mac Fitness Andujar",mac-fitness-andujar,active,yoga,yoga,No
"Madrid City Yoga",madrid-city-yoga,active,yoga,yoga,No
"Madrid Yoga shala",madrid-yoga-shala,active,yoga,yoga,No
"Magdala Sport | Gimnasio y clínica en Cuenca",magdala-sport-gimnasio-y-clinica-en-cuen,active,yoga,yoga,No
"Makam Yoga y Ayurveda Zaragoza",makam-yoga-y-ayurveda-zaragoza,active,yoga,yoga,No
"Mamá Sana",mama-sana,active,yoga,yoga,No
"Mamba BFC",mamba-bfc,active,yoga,yoga,No
"Mananda Yoga & Holistic Coaching",mananda-yoga-holistic-coaching,active,yoga,yoga,No
"Manantia Wellness Center",manantia-wellness-center,active,yoga,yoga,No
"Mandala de Masca",mandala-de-masca,active,yoga,yoga,No
"Mandiram Escuela de Yoga Eixample",mandiram-escuela-de-yoga-eixample,active,yoga,yoga,No
"Mandiram Escuela de Yoga Poblenou",mandiram-escuela-de-yoga-poblenou,active,yoga,yoga,No
"Mangala Massage Mallorca",mangala-massage-mallorca,active,ayurveda,ayurveda,No
"MAR. Movimiento y Bienestar",mar-movimiento-y-bienestar,active,yoga,yoga,No
"Marathon Wellness Huelva | Entrenamiento sin Miedo | Salud sin Límites",marathon-wellness-huelva-entrenamiento-s,active,yoga,yoga,No
"Mare Sports Physiotherapy Center",mare-sports-physiotherapy-center,active,yoga,yoga,No
"María José Torres MASAJE AYURVEDA en el Semilla Holística",maria-jose-torres-masaje-ayurveda-en-el-,active,ayurveda,ayurveda,No
"María Varas Fisioterapia y Osteopatía",maria-varas-fisioterapia-y-osteopatia,active,yoga,yoga,No
"Mariana Simón Quiromasaje & Yoga",mariana-simon-quiromasaje-yoga,active,yoga,yoga,No
"Mariannick Fouyet",mariannick-fouyet,active,ayurveda,ayurveda,No
"Mariona Yoga Cadaqués- Clases y Eventos de Yoga en Cadaqués",mariona-yoga-cadaques-clases-y-eventos-d,active,yoga,yoga,No
"MARMA Centro de terapias holísticas",marma-centro-de-terapias-holisticas,active,ayurveda,ayurveda,No
"Masaje Mallorca - Terapias Naturales Mallorca - MENTNATURE",masaje-mallorca-terapias-naturales-mallo,active,ayurveda,ayurveda,No
"Masaje y Osteopatía, Kalyaana",masaje-y-osteopatia-kalyaana,active,yoga,ayurveda,Sí
"Masajemocional - Jonkar Gartzia",masajemocional-jonkar-gartzia,active,yoga,ayurveda,Sí
"Masajes Sol i LLuna",masajes-sol-i-lluna,active,ayurveda,ayurveda,No
"Masajes Tantra Sevilla",masajes-tantra-sevilla,active,yoga,yoga,No
"masajes y terapias",masajes-y-terapias,active,ayurveda,ayurveda,No
"Massage and holistic therapies at Isvara Gran Canaria",massage-and-holistic-therapies-at-isvara,active,ayurveda,ayurveda,No
"Massage Lanzarote | Lavanda Zen Massage: Equipo de masajistas profesionales en Lanzarote.",massage-lanzarote-lavanda-zen-massage-eq,active,yoga,yoga,No
"Massage Oliva - in studio or home visits | Masaje en gabinete o a domicilio",massage-oliva-in-studio-or-home-visits-m,active,yoga,ayurveda,Sí
"Massage_ZéPrada",massage-zeprada,active,yoga,yoga,No
"Matrika Yoga School & Ayurveda (Método Iyengar)",matrika-yoga-school-ayurveda-metodo-iyen,active,yoga,yoga,No
"Matronas e Nais",matronas-e-nais,active,yoga,yoga,No
"Meissa Bienestar Osteopatía - Alcalá",meissa-bienestar-osteopatia-alcala,active,yoga,yoga,No
"Menssana Fisioterapia.",menssana-fisioterapia,active,yoga,yoga,No
"Método Pilates Integral En Mijas, Fuengirola",metodo-pilates-integral-en-mijas-fuengir,active,yoga,yoga,No
"Metodo Sintoniza - Masajista en Palencia",metodo-sintoniza-masajista-en-palencia,active,yoga,yoga,No
"MI PILATES MÁLAGA",mi-pilates-malaga,active,yoga,yoga,No
"Millennium Thai Massage",millennium-thai-massage,active,yoga,ayurveda,Sí
"Mindfulness y Meditación Sevilla (Nacho Luque)",mindfulness-y-meditacion-sevilla-nacho-l,active,meditation,meditation,No
"Mioactiva - Fisioterapia Albacete",mioactiva-fisioterapia-albacete,active,yoga,yoga,No
"Miriam Alchemy",miriam-alchemy,active,yoga,ayurveda,Sí
"Moksha Ayurveda Mallorca",moksha-ayurveda-mallorca,active,ayurveda,ayurveda,No
"Molt més que Ioga",molt-mes-que-ioga,active,yoga,yoga,No
"Montserrat Ordóñez. Massatge Ayurvèdic i Teràpia Marma",montserrat-ordonez-massatge-ayurvedic-i-,active,ayurveda,ayurveda,No
"Moon Relax Spa",moon-relax-spa,active,yoga,meditation,Sí
"MQ2 Centro Integral de Fisioterapia/Osteopatía y Pilates Terapéutico con Readaptación de lesiones",mq2-centro-integral-de-fisioterapia-oste,active,yoga,yoga,No
"MR Pilates",mr-pilates,active,yoga,yoga,No
"Mui Pilates",mui-pilates,active,yoga,yoga,No
"Mundo Consciente Retiro Espiritual",mundo-consciente-retiro-espiritual,active,yoga,yoga,No
"Mysore House",mysore-house,active,yoga,yoga,No
"N1 Arrayanes Fitness Center",n1-arrayanes-fitness-center,active,yoga,yoga,No
"Naga Hatha Yoga",naga-hatha-yoga,active,yoga,yoga,No
"NALU: Mind Body Surf - Surf School & Yoga Studio El Cotillo Fuerteventura",nalu-mind-body-surf-surf-school-yoga-stu,active,yoga,yoga,No
"Namaste Yoga",namaste-yoga,active,yoga,yoga,No
"Namaste Yoga Bilbao",namaste-yoga-bilbao,active,yoga,yoga,No
"Naraya Ayurveda",naraya-ayurveda,active,ayurveda,ayurveda,No
"Naseem Touch",naseem-touch,active,ayurveda,ayurveda,No
"Natalbel | Centro de preparación al parto y ecografía emocional",natalbel-centro-de-preparacion-al-parto-,active,yoga,yoga,No
"Natalia Paola Holística",natalia-paola-holistica,active,ayurveda,ayurveda,No
"Natural Pilates",natural-pilates,active,yoga,yoga,No
"Nature Pilates",nature-pilates,active,yoga,yoga,No
"Naturopathie & Massages_Rébecca Morael",naturopathie-massages-rebecca-morael,active,ayurveda,ayurveda,No
"Nawwara",nawwara,active,yoga,yoga,No
"New Concept Tarifa",new-concept-tarifa,active,yoga,yoga,No
"NexsportClub Adeje.",nexsportclub-adeje,active,yoga,yoga,No
"Nirvana Beach Gym",nirvana-beach-gym,active,yoga,yoga,No
"Numantium Estudio",numantium-estudio,active,yoga,yoga,No
"Numen Yoga Estudio",numen-yoga-estudio,active,yoga,yoga,No
"Nurayani Therapy",nurayani-therapy,active,ayurveda,ayurveda,No
"O Carboeiro Yoga",o-carboeiro-yoga,active,yoga,yoga,No
"Ocean Fitness Cala Rajada",ocean-fitness-cala-rajada,active,yoga,yoga,No
"Ocean yoga Studio",ocean-yoga-studio,active,yoga,yoga,No
"Ocio y Deporte",ocio-y-deporte,active,yoga,yoga,No
"OKEYMAS Andújar",okeymas-andujar,active,yoga,yoga,No
"OKEYMAS Fitness Club",okeymas-fitness-club,active,yoga,yoga,No
"Oltar Wellness Center | Osteopatía y Pilates",oltar-wellness-center-osteopatia-y-pilat,active,yoga,yoga,No
"Olympic Fitness Zone",olympic-fitness-zone,active,yoga,yoga,No
"Omya Terapias",omya-terapias,active,yoga,yoga,No
"One Day Retreat Ibiza",one-day-retreat-ibiza,active,yoga,yoga,No
"ORIGEN Bienestar Integral | Yoga & Wellness Studio",origen-bienestar-integral-yoga-wellness-,active,yoga,yoga,No
"ORIGEN WORKOUT",origen-workout,active,yoga,yoga,No
"Origin Flow - Massatges Roses - Coach nutricional i esportiu",origin-flow-massatges-roses-coach-nutric,active,yoga,yoga,No
"Oryzae Nutrición & Naturopatía",oryzae-nutricion-naturopatia,active,yoga,ayurveda,Sí
"Oxigeno Sport & Wellness",oxigeno-sport-wellness,active,yoga,yoga,No
"Pabellón polideportivo de Nigrán",pabellon-polideportivo-de-nigran,active,yoga,yoga,No
"Padmasana - Terapias Naturales y yoga",padmasana-terapias-naturales-y-yoga,active,yoga,yoga,No
"Paisible Evasion",paisible-evasion,active,ayurveda,ayurveda,No
"Palasiet Wellness Clinic & Thalasso",palasiet-wellness-clinic-thalasso,active,yoga,yoga,No
"Palladium Academy",palladium-academy,active,yoga,yoga,No
"PaolaVidāsana Yoga & Ayurveda",paolavidasana-yoga-ayurveda,active,yoga,yoga,No
"Pavelló Poliesportiu de Vinaròs",pavello-poliesportiu-de-vinaros,active,yoga,yoga,No
"Pazo dos Deportes Paco Paz",pazo-dos-deportes-paco-paz,active,yoga,yoga,No
"Personal & Pilates",personal-pilates,active,yoga,yoga,No
"Physio & Pilates EKO",physio-pilates-eko,active,yoga,yoga,No
"Physiotherapy Center Biosalud S L",physiotherapy-center-biosalud-s-l,active,yoga,yoga,No
"Physiotherapy Ruth Mancebo",physiotherapy-ruth-mancebo,active,yoga,yoga,No
"Physiumibz",physiumibz,active,yoga,yoga,No
"Pilates & Yoga Pura Vida",pilates-yoga-pura-vida,active,yoga,yoga,No
"Pilates Águilas Emmaluna",pilates-aguilas-emmaluna,active,yoga,yoga,No
"Pilates cartagena",pilates-cartagena,active,yoga,yoga,No
"PILATES Center Vicky Timón",pilates-center-vicky-timon,active,yoga,yoga,No
"Pilates Curíe",pilates-curie,active,yoga,yoga,No
"Pilates enunIMPULSO",pilates-enunimpulso,active,yoga,yoga,No
"Pilates Experience",pilates-experience,active,yoga,yoga,No
"Pilates Femenino Bilbao",pilates-femenino-bilbao,active,yoga,yoga,No
"Pilates Funcional Manuela",pilates-funcional-manuela,active,yoga,yoga,No
"Pilates Funcional María Jiménez",pilates-funcional-maria-jimenez,active,yoga,yoga,No
"PILATES GRANADA XTENSALL",pilates-granada-xtensall,active,yoga,yoga,No
"Pilates Huelva",pilates-huelva,active,yoga,yoga,No
"Pilates Malaga Center",pilates-malaga-center,active,yoga,yoga,No
"Pilates Málaga Xtensall Studio",pilates-malaga-xtensall-studio,active,yoga,yoga,No
"Pilates Nacho Arroyo",pilates-nacho-arroyo,active,yoga,yoga,No
"PILATES PATERNA Veronika Kovacs",pilates-paterna-veronika-kovacs,active,yoga,yoga,No
"Pilates Peñarrubia Murcia ✅",pilates-penarrubia-murcia,active,yoga,yoga,No
"Pilates Plus by Silvia Guidi de Knappe",pilates-plus-by-silvia-guidi-de-knappe,active,yoga,yoga,No
"Pilates Quinta Avenida Oviedo",pilates-quinta-avenida-oviedo,active,yoga,yoga,No
"Pilates Reformer Romina Speranza",pilates-reformer-romina-speranza,active,yoga,yoga,No
"Pilates Soul",pilates-soul,active,yoga,yoga,No
"Pilates Studio",pilates-studio,active,yoga,yoga,No
"Pilates TF",pilates-tf,active,yoga,yoga,No
"PILATES VALDEMORO",pilates-valdemoro,active,yoga,yoga,No
"Pilates y Funcional Bahia",pilates-y-funcional-bahia,active,yoga,yoga,No
"Pilates y tú",pilates-y-tu,active,yoga,yoga,No
"PILATES Y YOGA CUIDATE",pilates-y-yoga-cuidate,active,yoga,yoga,No
"Pilates y Yoga Living Room S.L",pilates-y-yoga-living-room-s-l,active,yoga,yoga,No
"Pinar Pilates",pinar-pilates,active,yoga,yoga,No
"Piscina Municipal",piscina-municipal,active,yoga,yoga,No
"PlenaForma | Entrenador personal en Córdoba",plenaforma-entrenador-personal-en-cordob,active,yoga,yoga,No
"Polideportivo de Barbadás",polideportivo-de-barbadas,active,yoga,yoga,No
"Polideportivo la Granadilla",polideportivo-la-granadilla,active,yoga,yoga,No
"Polideportivo Municipal La Palma del Condado",polideportivo-municipal-la-palma-del-con,active,yoga,yoga,No
"Por Amor al Yoga",por-amor-al-yoga,active,yoga,yoga,No
"Postural Clínica de Fisioterapia y Pilates",postural-clinica-de-fisioterapia-y-pilat,active,yoga,yoga,No
"PRANA YOGA Y MASAJE",prana-yoga-y-masaje,active,yoga,yoga,No
"Psiquiko HIIT & Ride",psiquiko-hiit-ride,active,yoga,yoga,No
"Puerto Cabero",puerto-cabero,active,yoga,yoga,No
"Pulsaciones Gym Aguilar de Campoo",pulsaciones-gym-aguilar-de-campoo,active,yoga,yoga,No
"Punt D' Esport",punt-d-esport,active,yoga,yoga,No
"Pure Yoga Canarias",pure-yoga-canarias,active,yoga,yoga,No
"Qactiva",qactiva,active,yoga,yoga,No
"Qi en Movimiento",qi-en-movimiento,active,yoga,yoga,No
"Qualia Centre Wellness",qualia-centre-wellness,active,yoga,ayurveda,Sí
"QUALIFE LA MANGA | Entrenamiento y Pilates Máquina en La Manga",qualife-la-manga-entrenamiento-y-pilates,active,yoga,yoga,No
"Quiere T Sport",quiere-t-sport,active,yoga,yoga,No
"Quirochema | masaje - masajista - thai massage - quiromasajista - relajante - tailandés - centro holístico en malaga",quirochema-masaje-masajista-thai-massage,active,yoga,yoga,No
"Quiroesencia",quiroesencia,active,ayurveda,ayurveda,No
"Quirokinesis Tenerife | Dr.Joaquín Gnoffo",quirokinesis-tenerife-dr-joaquin-gnoffo,active,yoga,yoga,No
"Radical Personalized Training",radical-personalized-training,active,yoga,yoga,No
"Raíz yoga studio",raiz-yoga-studio,active,yoga,yoga,No
"Raja Yoga Madrid",raja-yoga-madrid,active,yoga,yoga,No
"RAK SAENG - Escuela y Centro de Masaje Tailandés en Madrid",rak-saeng-escuela-y-centro-de-masaje-tai,active,ayurveda,ayurveda,No
"Rapa Nui Surfcamp & Surfschule Fuerteventura",rapa-nui-surfcamp-surfschule-fuerteventu,active,yoga,yoga,No
"RASAYANA LONGEVIDAD",rasayana-longevidad,active,ayurveda,ayurveda,No
"RAW YOGA STUDIO Vigo",raw-yoga-studio-vigo,active,yoga,yoga,No
"ReAlign International YOGA School",realign-international-yoga-school,active,yoga,yoga,No
"Reka Yoga Centro Integral",reka-yoga-centro-integral,active,yoga,yoga,No
"relax & nature fuerteventura",relax-nature-fuerteventura,active,yoga,ayurveda,Sí
"Relaxa't Reus",relaxa-t-reus,active,ayurveda,ayurveda,No
"Renacer pilates reformer",renacer-pilates-reformer,active,yoga,yoga,No
"Respira yoga sevilla",respira-yoga-sevilla,active,yoga,yoga,No
"RESPIRA-Breathwork Belén Catalina",respira-breathwork-belen-catalina,active,yoga,yoga,No
"RETIROS DE BIENESTAR & MINDFULNESS EVOLUCION CENTER",retiros-de-bienestar-mindfulness-evoluci,active,yoga,meditation,Sí
"Retiros de yoga Taotrips",retiros-de-yoga-taotrips,active,yoga,yoga,No
"Retiros del Búho. Asociación el Alma del Búho",retiros-del-buho-asociacion-el-alma-del-,active,yoga,yoga,No
"Retiros yoga te transforma",retiros-yoga-te-transforma,active,yoga,yoga,No
"Ro-Ki Massages Valencia",ro-ki-massages-valencia,active,ayurveda,ayurveda,No
"Rocío Luque Yoga",rocio-luque-yoga,active,yoga,yoga,No
"Royal Lleida",royal-lleida,active,yoga,yoga,No
"Royal Thai Massage Center",royal-thai-massage-center,active,yoga,yoga,No
"RST Personal Fitness Elda, Gimnasio · Entrenador personal | Pilates en Elda",rst-personal-fitness-elda-gimnasio-entre,active,yoga,yoga,No
"Runachay Center",runachay-center,active,ayurveda,ayurveda,No
"RUSFIT SPORTCENTER",rusfit-sportcenter,active,yoga,yoga,No
"S2Fitness Sports Center",s2fitness-sports-center,active,yoga,yoga,No
"SADHANA Yoga Shri Vivek & Massatge Ayurveda",sadhana-yoga-shri-vivek-massatge-ayurved,active,yoga,yoga,No
"Sakura",sakura,active,yoga,yoga,No
"Sakura Vera",sakura-vera,active,yoga,yoga,No
"Salud Natural Herbolario",salud-natural-herbolario,active,yoga,ayurveda,Sí
"Salud Natural Leganés S.L.U",salud-natural-leganes-s-l-u,active,ayurveda,ayurveda,No
"Salud Sport Fisioterapia y Entrenador Personal",salud-sport-fisioterapia-y-entrenador-pe,active,yoga,yoga,No
"Salutalia - Centro Holístico y Welness",salutalia-centro-holistico-y-welness,active,yoga,yoga,No
"Samaveda; Ayurveda, Masajes, Alimentación, Yoga",samaveda-ayurveda-masajes-alimentacion-y,active,ayurveda,ayurveda,No
"Sandaili Plantas Medicinales-Terapias Naturales",sandaili-plantas-medicinales-terapias-na,active,ayurveda,ayurveda,No
"SANO Adra - Entrenamiento Personal y Grupos Reducidos",sano-adra-entrenamiento-personal-y-grupo,active,yoga,yoga,No
"SANO Antequera Albarizas - Entrenamiento Personal y Grupos Reducidos",sano-antequera-albarizas-entrenamiento-p,active,yoga,yoga,No
"SANO Berja - Entrenamiento Personal y Grupos Reducidos",sano-berja-entrenamiento-personal-y-grup,active,yoga,yoga,No
"SANO Burgos - Entrenamiento Personal y Grupos Reducidos",sano-burgos-entrenamiento-personal-y-gru,active,yoga,yoga,No
"Sano Úbeda",sano-ubeda,active,yoga,yoga,No
"Sant Pau Centre Terapèutic",sant-pau-centre-terapeutic,active,ayurveda,ayurveda,No
"Santosha Centro de Yoga",santosha-centro-de-yoga,active,yoga,yoga,No
"Sanus Mujer",sanus-mujer,active,yoga,yoga,No
"SasiThai Thai Massage Madrid",sasithai-thai-massage-madrid,active,yoga,ayurveda,Sí
"School3s Surf School Lanzarote",school3s-surf-school-lanzarote,active,yoga,yoga,No
"SCV wiva lab",scv-wiva-lab,active,yoga,yoga,No
"Sergiolistico",sergiolistico,active,ayurveda,ayurveda,No
"Seven Seas",seven-seas,active,yoga,yoga,No
"Shakti YOGA",shakti-yoga,active,yoga,yoga,No
"Shama Yoga Studio",shama-yoga-studio,active,yoga,yoga,No
"SHAMATHA CENTRO HOLÍSTICO",shamatha-centro-holistico,active,yoga,yoga,No
"Shantala Ayurveda Bilbao",shantala-ayurveda-bilbao,active,ayurveda,ayurveda,No
"Shanti Masajes Tenerife",shanti-masajes-tenerife,active,ayurveda,ayurveda,No
"SHARMA - Escuela Yoga y Pilates",sharma-escuela-yoga-y-pilates,active,yoga,yoga,No
"Shiva center Torrox",shiva-center-torrox,active,yoga,yoga,No
"Shivaratri Yoga",shivaratri-yoga,active,yoga,yoga,No
"Shock Fitness Center",shock-fitness-center,active,yoga,yoga,No
"Siente Ayurveda",siente-ayurveda,active,ayurveda,ayurveda,No
"Siente Yoga",siente-yoga,active,yoga,yoga,No
"Silentia Spa & Wellness",silentia-spa-wellness,active,yoga,meditation,Sí
"Sincronia Yoga | Gràcia Barcelona",sincronia-yoga-gracia-barcelona,active,yoga,yoga,No
"SINGULAR Home of Pilates",singular-home-of-pilates,active,yoga,yoga,No
"Slow House sa mayma | Nature, Relax & Yoga",slow-house-sa-mayma-nature-relax-yoga,active,yoga,yoga,No
"Soccer Indoor",soccer-indoor,active,yoga,yoga,No
"Sol Viegas Iyengar Yoga & Massage",sol-viegas-iyengar-yoga-massage,active,yoga,yoga,No
"Sonia Casado Escuela de Yoga",sonia-casado-escuela-de-yoga,active,yoga,yoga,No
"Sonia Franco Terapia manual . Quiromasaje, Osteopatía, Masaje ayurveda, Aromaterapia.",sonia-franco-terapia-manual-quiromasaje-,active,ayurveda,ayurveda,No
"Spa Centro de Vinoterapia BeautyFORYOU - Tenerife",spa-centro-de-vinoterapia-beautyforyou-t,active,yoga,meditation,Sí
"SPA Sensations Iberostar Heritage Grand Mencey",spa-sensations-iberostar-heritage-grand-,active,yoga,meditation,Sí
"Spa urbano Serenità",spa-urbano-serenita,active,yoga,yoga,No
"Specialty Center Sports Javier Bermejo Merino",specialty-center-sports-javier-bermejo-m,active,yoga,yoga,No
"Spirit Yoga",spirit-yoga,active,yoga,yoga,No
"Spiritual Veda Masajes & Tratamientos Ayurveda",spiritual-veda-masajes-tratamientos-ayur,active,ayurveda,ayurveda,No
"Sport Studio Gym",sport-studio-gym,active,yoga,yoga,No
"Sportland Gimnasio & Balneario Urbano",sportland-gimnasio-balneario-urbano,active,yoga,yoga,No
"Sports Complex Prado Real",sports-complex-prado-real,active,yoga,yoga,No
"Star Fit Pilates Ibiza",star-fit-pilates-ibiza,active,yoga,yoga,No
"STUDIO DE PILATES MIREYA IRURZUN",studio-de-pilates-mireya-irurzun,active,yoga,yoga,No
"STUDIO PILATES Anabel Manjón",studio-pilates-anabel-manjon,active,yoga,yoga,No
"Studio Pilates Body&Mind y PEQUESPA",studio-pilates-body-mind-y-pequespa,active,yoga,yoga,No
"Studio Pilates Majadahonda",studio-pilates-majadahonda,active,yoga,yoga,No
"Studio Pilates Natalia",studio-pilates-natalia,active,yoga,yoga,No
"Sukha Masajes",sukha-masajes,active,ayurveda,ayurveda,No
"SUP FIT YOGA – Paddle Surf, SUP Yoga y Retiros de Yoga en Gran Canaria",sup-fit-yoga-paddle-surf-sup-yoga-y-reti,active,yoga,yoga,No
"Surf & Yoga Retreats Fuerteventura",surf-yoga-retreats-fuerteventura,active,yoga,yoga,No
"SURYA BIKEPACKING",surya-bikepacking,active,yoga,yoga,No
"Surya Yoga",surya-yoga,active,yoga,yoga,No
"Surya Yoga&Masaje Tenerife",surya-yoga-masaje-tenerife,active,yoga,yoga,No
"SYNERGIE PILATES STUDIO DONOSTIA 🌱",synergie-pilates-studio-donostia,active,yoga,yoga,No
"Synergym",synergym-2,active,yoga,yoga,No
"Synergym",synergym-1,active,yoga,yoga,No
"Synergym",synergym-3,active,yoga,yoga,No
"Synergym",synergym,active,yoga,yoga,No
"Synergym Albacete La Tamos",synergym-albacete-la-tamos,active,yoga,yoga,No
"Synergym Albacete Universidad",synergym-albacete-universidad,active,yoga,yoga,No
"Synergym Algeciras",synergym-algeciras,active,yoga,yoga,No
"Synergym Almería Los Molinos",synergym-almeria-los-molinos,active,yoga,yoga,No
"Synergym Almería Vega de Acá",synergym-almeria-vega-de-aca,active,yoga,yoga,No
"Synergym Ciudad Real Quijote",synergym-ciudad-real-quijote,active,yoga,yoga,No
"Synergym Guadalajara La Llanilla",synergym-guadalajara-la-llanilla,active,yoga,yoga,No
"Synergym Guadalajara Las Cañas",synergym-guadalajara-las-canas,active,yoga,yoga,No
"Synergym Jaén",synergym-jaen,active,yoga,yoga,No
"Synergym Lleida Castells",synergym-lleida-castells,active,yoga,yoga,No
"Synergym Lleida Clot",synergym-lleida-clot,active,yoga,yoga,No
"Synergym Logroño Las Gaunas",synergym-logrono-las-gaunas,active,yoga,yoga,No
"Synergym Logroño Ribera",synergym-logrono-ribera,active,yoga,yoga,No
"Synergym Lugo Piringalla",synergym-lugo-piringalla,active,yoga,yoga,No
"Synergym Miranda de Ebro",synergym-miranda-de-ebro,active,yoga,yoga,No
"Synergym Motril Sur",synergym-motril-sur,active,yoga,yoga,No
"Synergym Oviedo San Miguel",synergym-oviedo-san-miguel,active,yoga,yoga,No
"Synergym Plasencia",synergym-plasencia,active,yoga,yoga,No
"Synergym Ponferrada la Rosaleda",synergym-ponferrada-la-rosaleda,active,yoga,yoga,No
"Synergym Reus Carrillet",synergym-reus-carrillet,active,yoga,yoga,No
"Synergym San Fernando Centro",synergym-san-fernando-centro,active,yoga,yoga,No
"Synergym Toledo Buenavista",synergym-toledo-buenavista,active,yoga,yoga,No
"Synergym Villava",synergym-villava,active,yoga,yoga,No
"Synergym Vitoria Borinbizkarra",synergym-vitoria-borinbizkarra,active,yoga,yoga,No
"Synergym Vitoria Zaramaga",synergym-vitoria-zaramaga,active,yoga,yoga,No
"Synergym Zamora University",synergym-zamora-university,active,yoga,yoga,No
"Tafallako Igerilekuak",tafallako-igerilekuak,active,yoga,yoga,No
"TAIBAI Medicina Tradicional China",taibai-medicina-tradicional-china,active,ayurveda,ayurveda,No
"Tam Studio Yoga y Pilates- Fuerteventura",tam-studio-yoga-y-pilates-fuerteventura,active,yoga,yoga,No
"Tantric Massage - Tantra Tenerife - Masaje tantrico",tantric-massage-tantra-tenerife-masaje-t,active,ayurveda,ayurveda,No
"TAPOVAN AYURVEDA Masajes y Reflexología Podal",tapovan-ayurveda-masajes-y-reflexologia-,active,ayurveda,ayurveda,No
"Tara Harmonia – Centre de benestar",tara-harmonia-centre-de-benestar,active,yoga,ayurveda,Sí
"Tatami Spirit",tatami-spirit,active,yoga,yoga,No
"Taube pilates Biar",taube-pilates-biar,active,yoga,yoga,No
"Templo Gym",templo-gym,active,yoga,yoga,No
"Templo Pilates Miriam",templo-pilates-miriam,active,yoga,yoga,No
"Tenerfisio",tenerfisio,active,yoga,yoga,No
"Tenerife Top Training - Elite Performance Center",tenerife-top-training-elite-performance-,active,yoga,yoga,No
"Terapias Naturales El Ojo de Horus",terapias-naturales-el-ojo-de-horus,active,yoga,yoga,No
"Thalassa Pilates Studio",thalassa-pilates-studio,active,yoga,yoga,No
"The Club Fitness & Pilates Experience",the-club-fitness-pilates-experience,active,yoga,yoga,No
"The Garden Madrid | Yoga Barrio Salamanca",the-garden-madrid-yoga-barrio-salamanca,active,yoga,yoga,No
"THE RITUAL- Clinica de Acupuntura y Ayurveda",the-ritual-clinica-de-acupuntura-y-ayurv,active,ayurveda,ayurveda,No
"The Wellbeing art Ibiza - Medicina Tradicional China/ Acupuntura/Masaje",the-wellbeing-art-ibiza-medicina-tradici,active,ayurveda,ayurveda,No
"The Yoger - Yoga Salamanca",the-yoger-yoga-salamanca,active,yoga,yoga,No
"Tierra Indigo Eleva Tu Energia",tierra-indigo-eleva-tu-energia,active,yoga,meditation,Sí
"Tilom Patel 🏳️‍🌈",tilom-patel,active,yoga,yoga,No
"Toni Pilates",toni-pilates,active,yoga,yoga,No
"Tony Sport gym",tony-sport-gym,active,yoga,yoga,No
"Top Health La Victoria | Gimnasio en el centro Córdoba",top-health-la-victoria-gimnasio-en-el-ce,active,yoga,yoga,No
"Trèvol",trevol,active,yoga,yoga,No
"TrueAtalaya",trueatalaya,active,ayurveda,yoga,Sí
"TUSHALA Yoga Studio",tushala-yoga-studio,active,yoga,yoga,No
"TuYoga.es",tuyoga-es,active,yoga,yoga,No
"Uma Yoga Studio",uma-yoga-studio,active,yoga,yoga,No
"Unalome Sopela Yoga",unalome-sopela-yoga,active,yoga,yoga,No
"Unmani Yoga",unmani-yoga,active,yoga,yoga,No
"Ura Masajes y Técnicas Holísticas",ura-masajes-y-tecnicas-holisticas,active,ayurveda,ayurveda,No
"Urban Gym",urban-gym,active,yoga,yoga,No
"Urban Yoga Studio",urban-yoga-studio,active,yoga,yoga,No
"Urvashi Yoga Estudio",urvashi-yoga-estudio,active,yoga,yoga,No
"VALSAM fisioterapia",valsam-fisioterapia,active,yoga,yoga,No
"Vector Fitness",vector-fitness,active,yoga,yoga,No
"VedaNatura",vedanatura,active,ayurveda,ayurveda,No
"Vedic healings (Ayurveda, Panchakarma & Tantra)",vedic-healings-ayurveda-panchakarma-tant,active,ayurveda,ayurveda,No
"Victoria Jourdan Massages",victoria-jourdan-massages,active,ayurveda,ayurveda,No
"Victoria Sport Club & Spa",victoria-sport-club-spa,active,yoga,yoga,No
"Vida Ayurveda",vida-ayurveda,active,ayurveda,ayurveda,No
"Vida Nova Pilates & Fitness",vida-nova-pilates-fitness,active,yoga,yoga,No
"Vidha Hot Yoga",vidha-hot-yoga,active,yoga,yoga,No
"Villa del Prado PHYSICAL THERAPY AND SCIENTIFIC OSTEOPATHY",villa-del-prado-physical-therapy-and-sci,active,yoga,yoga,No
"VIP GYM IBIZA",vip-gym-ibiza,active,yoga,yoga,No
"Vital Fitness",vital-fitness,active,yoga,yoga,No
"VITALIS Deporte y Salud Mérida",vitalis-deporte-y-salud-merida,active,yoga,yoga,No
"VIVE - Fisioterapia Avanzada",vive-fisioterapia-avanzada,active,yoga,yoga,No
"Vive Yoga",vive-yoga,active,yoga,yoga,No
"Volumen x Fitness Center",volumen-x-fitness-center,active,yoga,yoga,No
"W Up",w-up,active,yoga,yoga,No
"Wellnes Avenida",wellnes-avenida,active,yoga,yoga,No
"Wellness Experience Andorra",wellness-experience-andorra,active,yoga,yoga,No
"WELLNESS MASSAGE MALLORCA | Villa & Yacht Service | only inhouse service",wellness-massage-mallorca-villa-yacht-se,active,yoga,yoga,No
"Wellness Project Pilates 1",wellness-project-pilates-1,active,yoga,yoga,No
"Wimbi Adventures - SUP Yoga, Paddle Surf & Snorkel en Cabo de Palos",wimbi-adventures-sup-yoga-paddle-surf-sn,active,yoga,yoga,No
"WIN Complex Esportiu Tortosa",win-complex-esportiu-tortosa,active,yoga,yoga,No
"Wings Of Wellness Yoga",wings-of-wellness-yoga,active,yoga,yoga,No
"Xano Pilates & Yoga",xano-pilates-yoga,active,yoga,yoga,No
"XIMNASIO BREOGÁN, C.B.",ximnasio-breogan-c-b,active,yoga,yoga,No
"Ximnasio Neka",ximnasio-neka,active,yoga,yoga,No
"Xperience Arena",xperience-arena,active,yoga,yoga,No
"Xtensallconil",xtensallconil,active,yoga,yoga,No
"XtremeGym La Cañada",xtremegym-la-canada,active,yoga,yoga,No
"Ya! Yoga & Lifestyle",ya-yoga-lifestyle,active,yoga,yoga,No
"Yantra Yoga & Wellness Center",yantra-yoga-wellness-center,active,yoga,yoga,No
"YEC Pilates León",yec-pilates-leon,active,yoga,yoga,No
"Yo Me Cuido",yo-me-cuido,active,yoga,yoga,No
"YO. Salud Estética",yo-salud-estetica,active,yoga,yoga,No
"Yofluyo Centro",yofluyo-centro,active,yoga,yoga,No
"Yoga & Ayurvéda Biarritz",yoga-ayurveda-biarritz,active,yoga,ayurveda,Sí
"YOGA 108",yoga-108,active,yoga,yoga,No
"Yoga Aéreo Malaga - Yogāsana Estudio",yoga-aereo-malaga-yogasana-estudio,active,yoga,yoga,No
"Yoga Alliance School Maspalomas",yoga-alliance-school-maspalomas,active,yoga,yoga,No
"Yoga Ángel Crespo",yoga-angel-crespo,active,yoga,yoga,No
"Yoga Beckles",yoga-beckles,active,yoga,yoga,No
"YOGA BY THE SEA BARCELONA",yoga-by-the-sea-barcelona,active,yoga,yoga,No
"Yoga Canarias - Clases en Icod de los Vinos & Masajes en Garachico",yoga-canarias-clases-en-icod-de-los-vino,active,yoga,yoga,No
"Yoga center in Pinto",yoga-center-in-pinto,active,yoga,yoga,No
"Yoga Centre Flow",yoga-centre-flow,active,yoga,yoga,No
"Yoga del Mar",yoga-del-mar,active,yoga,yoga,No
"YOGA Dhana Escola de Ioga",yoga-dhana-escola-de-ioga,active,yoga,yoga,No
"Yoga Eco Health • Inoah",yoga-eco-health-inoah,active,yoga,yoga,No
"Yoga Ecuanime",yoga-ecuanime,active,yoga,yoga,No
"YOGA EN ALMENDRALEJO LA SALITA DE YOGA - MARISA ALVAREZ",yoga-en-almendralejo-la-salita-de-yoga-m,active,yoga,yoga,No
"YOGA EN BOADILLA I YOGA ASHRAM",yoga-en-boadilla-i-yoga-ashram,active,yoga,yoga,No
"Yoga en Ibiza",yoga-en-ibiza,active,yoga,yoga,No
"Yoga en Móstoles - Respira Yoga",yoga-en-mostoles-respira-yoga,active,yoga,yoga,No
"Yoga Estudio Sirsásana",yoga-estudio-sirsasana,active,yoga,yoga,No
"Yoga for Balance",yoga-for-balance,active,yoga,yoga,No
"Yoga Ganesha Salamanca",yoga-ganesha-salamanca,active,yoga,yoga,No
"Yoga Home Madrid",yoga-home-madrid,active,yoga,yoga,No
"Yoga Lanzarote and Ayurvedic Massage",yoga-lanzarote-and-ayurvedic-massage,active,yoga,yoga,No
"Yoga Logroño: ESCUELA ANANDA",yoga-logrono-escuela-ananda,active,yoga,yoga,No
"Yoga Natur | Retiros, Yoga y Montaña",yoga-natur-retiros-yoga-y-montana,active,yoga,yoga,No
"Yoga One Pacifico",yoga-one-pacifico,active,yoga,yoga,No
"Yoga Real",yoga-real,active,yoga,yoga,No
"Yoga Shala Donostia",yoga-shala-donostia,active,yoga,yoga,No
"Yoga Terrassa",yoga-terrassa,active,yoga,yoga,No
"Yoga Unlimited",yoga-unlimited,active,yoga,yoga,No
"Yoga Weeks",yoga-weeks,active,yoga,yoga,No
"Yoga with Joy : Yoga & Masajes",yoga-with-joy-yoga-masajes,active,yoga,yoga,No
"Yoga y Mindfulness Zaragoza",yoga-y-mindfulness-zaragoza,active,yoga,yoga,No
"Yoga y Terapias Holísticas. Bodhicitta",yoga-y-terapias-holisticas-bodhicitta,active,yoga,yoga,No
"Yoga, Meditation and Life coaching in Maspalomas",yoga-meditation-and-life-coaching-in-mas,active,yoga,yoga,No
"YogaConecta",yogaconecta,active,yoga,yoga,No
"YOGAOMMM",yogaommm,active,yoga,yoga,No
"YogaOne El Perchel",yogaone-el-perchel,active,yoga,yoga,No
"YogaSalud",yogasalud,active,yoga,yoga,No
"YogaSenzia - Fuengirola - Centro de Yoga - Pilates y Bienestar Interior.",yogasenzia-fuengirola-centro-de-yoga-pil,active,yoga,yoga,No
"Yogayo",yogayo,active,yoga,yoga,No
"Yoqui Yemayá Yoga Aeroyoga Desarrollo",yoqui-yemaya-yoga-aeroyoga-desarrollo,active,yoga,yoga,No
"YOSOYOGA",yosoyoga,active,yoga,yoga,No
"yuj es yoga",yuj-es-yoga,active,yoga,yoga,No
"Zarza",zarza,active,ayurveda,ayurveda,No
"ZEN - Centro de Terapias Naturales, Yoga y Meditación",zen-centro-de-terapias-naturales-yoga-y-,active,yoga,yoga,No
"Zen massage Armonia",zen-massage-armonia,active,yoga,ayurveda,Sí
"Zensports Massage & Bodywork",zensports-massage-bodywork,active,yoga,yoga,No
"Zentro Urban Yoga Retiro",zentro-urban-yoga-retiro,active,yoga,yoga,No
"Zero | Entrenamiento y Fisioterapia",zero-entrenamiento-y-fisioterapia,active,yoga,yoga,No
"Zona Fitness Lleida",zona-fitness-lleida,active,yoga,yoga,No